Datetime,Open,High,Low,Close,Volume,Trend,Trend_Start,Trend_End,SMA5
2024-12-05 09:30:00-05:00,26.5,26.68000030517578,26.100000381469727,26.258399963378903,0,,False,False,
2024-12-05 09:31:00-05:00,26.3700008392334,26.504100799560547,26.280000686645508,26.34000015258789,5495,,False,False,
2024-12-05 09:32:00-05:00,26.299999237060547,26.438100814819336,26.049999237060547,26.1299991607666,15933,,False,False,
2024-12-05 09:33:00-05:00,26.05010032653809,26.28350067138672,25.8799991607666,26.18280029296875,38558,,False,False,
2024-12-05 09:34:00-05:00,26.1200008392334,26.24250030517578,25.979999542236328,25.979999542236328,17888,,False,False,26.178239822387695
2024-12-05 09:35:00-05:00,26.0,26.0,25.650999069213867,25.739999771118164,50637,DownTrend,True,False,26.07455978393555
2024-12-05 09:36:00-05:00,25.77449989318848,25.899999618530277,25.6875,25.75,48163,DownTrend,False,False,25.95655975341797
2024-12-05 09:37:00-05:00,25.700000762939453,25.75,25.56049919128418,25.600000381469727,60527,DownTrend,False,False,25.850559997558594
2024-12-05 09:38:00-05:00,25.614999771118164,25.75,25.5,25.67779922485352,61940,DownTrend,False,False,25.749559783935545
2024-12-05 09:39:00-05:00,25.61750030517578,25.72590065002441,25.530000686645508,25.72590065002441,18374,DownTrend,False,False,25.698740005493164
2024-12-05 09:40:00-05:00,25.65010070800781,25.79990005493164,25.65010070800781,25.739999771118164,16914,DownTrend,False,False,25.698740005493164
2024-12-05 09:41:00-05:00,25.767000198364254,25.894800186157227,25.709999084472656,25.82999992370605,22962,DownTrend,False,False,25.714739990234374
2024-12-05 09:42:00-05:00,25.83650016784668,25.940000534057617,25.82999992370605,25.90999984741211,24017,DownTrend,False,True,25.776739883422852
2024-12-05 09:43:00-05:00,25.950000762939453,26.06999969482422,25.89739990234375,26.049999237060547,22357,UpTrend,True,False,25.85117988586426
2024-12-05 09:44:00-05:00,26.0049991607666,26.09000015258789,25.93000030517578,26.05500030517578,13014,UpTrend,False,False,25.91699981689453
2024-12-05 09:45:00-05:00,26.01000022888184,26.109100341796875,26.01000022888184,26.040000915527344,11179,UpTrend,False,False,25.977000045776368
2024-12-05 09:46:00-05:00,26.049999237060547,26.14249992370605,26.016300201416016,26.14249992370605,20566,UpTrend,False,False,26.039500045776368
2024-12-05 09:47:00-05:00,26.090700149536133,26.149999618530277,26.049999237060547,26.11750030517578,15756,UpTrend,False,False,26.081000137329102
2024-12-05 09:48:00-05:00,26.06399917602539,26.07999992370605,25.9552001953125,25.9552001953125,11175,UpTrend,False,False,26.062040328979492
2024-12-05 09:49:00-05:00,25.989999771118164,26.100000381469727,25.914600372314453,26.005800247192383,12184,UpTrend,False,False,26.052200317382812
2024-12-05 09:50:00-05:00,26.00690078735352,26.18000030517578,26.00690078735352,26.149999618530277,5879,UpTrend,False,False,26.074200057983397
2024-12-05 09:51:00-05:00,26.209999084472656,26.3799991607666,26.209999084472656,26.3799991607666,11071,UpTrend,False,False,26.12169990539551
2024-12-05 09:52:00-05:00,26.38999938964844,26.489999771118164,26.25,26.290000915527344,16689,UpTrend,False,False,26.15620002746582
2024-12-05 09:53:00-05:00,26.290000915527344,26.32999992370605,26.170000076293945,26.309999465942383,7780,UpTrend,False,False,26.227159881591795
2024-12-05 09:54:00-05:00,26.309999465942383,26.42180061340332,26.27589988708496,26.38500022888184,6288,UpTrend,False,False,26.302999877929686
2024-12-05 09:55:00-05:00,26.399999618530277,26.489999771118164,26.299999237060547,26.35169982910156,19491,UpTrend,False,False,26.343339920043945
2024-12-05 09:56:00-05:00,26.290000915527344,26.38599967956543,26.26000022888184,26.38139915466309,11613,UpTrend,False,False,26.343619918823244
2024-12-05 09:57:00-05:00,26.309999465942383,26.309999465942383,26.110700607299805,26.20499992370605,8968,UpTrend,False,False,26.326619720458986
2024-12-05 09:58:00-05:00,26.21999931335449,26.21999931335449,26.114200592041016,26.114200592041016,7228,UpTrend,False,False,26.287459945678712
2024-12-05 09:59:00-05:00,26.16160011291504,26.190000534057617,26.059999465942383,26.09499931335449,18394,UpTrend,False,False,26.229459762573242
2024-12-05 10:00:00-05:00,26.145000457763672,26.57999992370605,26.11000061035156,26.57999992370605,23519,UpTrend,False,False,26.27511978149414
2024-12-05 10:01:00-05:00,26.56529998779297,26.56529998779297,26.395000457763672,26.540000915527344,12240,UpTrend,False,False,26.30684013366699
2024-12-05 10:02:00-05:00,26.5049991607666,26.556100845336918,26.5,26.5,14258,UpTrend,False,False,26.36584014892578
2024-12-05 10:03:00-05:00,26.549999237060547,26.549999237060547,26.433300018310547,26.46500015258789,12023,UpTrend,False,False,26.436000061035156
2024-12-05 10:04:00-05:00,26.4783992767334,26.6200008392334,26.399999618530277,26.6200008392334,21676,UpTrend,False,False,26.541000366210938
2024-12-05 10:05:00-05:00,26.61370086669922,26.6200008392334,26.54540061950684,26.54829978942871,10957,UpTrend,False,False,26.53466033935547
2024-12-05 10:06:00-05:00,26.530000686645508,26.769899368286133,26.530000686645508,26.72369956970215,12811,UpTrend,False,False,26.57140007019043
2024-12-05 10:07:00-05:00,26.790000915527344,26.920000076293945,26.790000915527344,26.840599060058597,18576,UpTrend,False,False,26.639519882202148
2024-12-05 10:08:00-05:00,26.88999938964844,27.01499938964844,26.82999992370605,27.01499938964844,41641,UpTrend,False,False,26.749519729614256
2024-12-05 10:09:00-05:00,27.018199920654297,27.09000015258789,26.899999618530277,27.030000686645508,13218,UpTrend,False,False,26.83151969909668
2024-12-05 10:10:00-05:00,27.11000061035156,27.270000457763672,27.11000061035156,27.22050094604492,44474,UpTrend,False,False,26.96595993041992
2024-12-05 10:11:00-05:00,27.229999542236328,27.34000015258789,27.11000061035156,27.11000061035156,58312,UpTrend,False,False,27.043220138549806
2024-12-05 10:12:00-05:00,27.100000381469727,27.239999771118164,27.053300857543945,27.11009979248047,13963,UpTrend,False,False,27.09712028503418
2024-12-05 10:13:00-05:00,27.1200008392334,27.2450008392334,27.020000457763672,27.200000762939453,19051,UpTrend,False,False,27.134120559692384
2024-12-05 10:14:00-05:00,27.13999938964844,27.13999938964844,27.030000686645508,27.051000595092773,10522,UpTrend,False,False,27.138320541381837
2024-12-05 10:15:00-05:00,27.09000015258789,27.09000015258789,26.850000381469727,26.86000061035156,14765,UpTrend,False,True,27.066220474243163
2024-12-05 10:16:00-05:00,26.8799991607666,26.989999771118164,26.770000457763672,26.770000457763672,20011,DownTrend,True,False,26.998220443725586
2024-12-05 10:17:00-05:00,26.76000022888184,26.774999618530277,26.649999618530277,26.75,16456,DownTrend,False,False,26.926200485229494
2024-12-05 10:18:00-05:00,26.700000762939453,26.75,26.65999984741211,26.74850082397461,5933,DownTrend,False,False,26.835900497436523
2024-12-05 10:19:00-05:00,26.729999542236328,26.75,26.51959991455078,26.530000686645508,18865,DownTrend,False,False,26.73170051574707
2024-12-05 10:20:00-05:00,26.5,26.61000061035156,26.5,26.61000061035156,6817,DownTrend,False,False,26.68170051574707
2024-12-05 10:21:00-05:00,26.61000061035156,26.63500022888184,26.51000022888184,26.520000457763672,5806,DownTrend,False,False,26.63170051574707
2024-12-05 10:22:00-05:00,26.520000457763672,26.559999465942383,26.34000015258789,26.34000015258789,19486,DownTrend,False,False,26.54970054626465
2024-12-05 10:23:00-05:00,26.299999237060547,26.32999992370605,26.149999618530277,26.290000915527344,25466,DownTrend,False,False,26.458000564575194
2024-12-05 10:24:00-05:00,26.229999542236328,26.319900512695312,26.11000061035156,26.18000030517578,15584,DownTrend,False,False,26.38800048828125
2024-12-05 10:25:00-05:00,26.200000762939453,26.34000015258789,26.200000762939453,26.309999465942383,8360,DownTrend,False,False,26.328000259399413
2024-12-05 10:26:00-05:00,26.354999542236328,26.5,26.239999771118164,26.280000686645508,16549,DownTrend,False,False,26.280000305175783
2024-12-05 10:27:00-05:00,26.280000686645508,26.440000534057617,26.239999771118164,26.309999465942383,6781,DownTrend,False,False,26.27400016784668
2024-12-05 10:28:00-05:00,26.290000915527344,26.37540054321289,26.149999618530277,26.15999984741211,24909,DownTrend,False,False,26.247999954223634
2024-12-05 10:29:00-05:00,26.15999984741211,26.200000762939453,26.1200008392334,26.161399841308597,11126,DownTrend,False,False,26.244279861450195
2024-12-05 10:30:00-05:00,26.15719985961914,26.299999237060547,26.11000061035156,26.2362003326416,10150,DownTrend,False,False,26.22952003479004
2024-12-05 10:31:00-05:00,26.25,26.25,26.208799362182617,26.208799362182617,4311,DownTrend,False,False,26.21527976989746
2024-12-05 10:32:00-05:00,26.21500015258789,26.229999542236328,26.100000381469727,26.125099182128903,4748,DownTrend,False,False,26.178299713134766
2024-12-05 10:33:00-05:00,26.1299991607666,26.17180061340332,26.06999969482422,26.06999969482422,17236,DownTrend,False,False,26.160299682617186
2024-12-05 10:34:00-05:00,26.09000015258789,26.11000061035156,25.920000076293945,25.959999084472656,19988,DownTrend,False,False,26.12001953125
2024-12-05 10:35:00-05:00,25.940000534057617,26.04010009765625,25.81999969482422,26.0,30200,DownTrend,False,False,26.07277946472168
2024-12-05 10:36:00-05:00,25.96999931335449,25.96999931335449,25.899999618530277,25.924999237060547,6194,DownTrend,False,False,26.016019439697267
2024-12-05 10:37:00-05:00,25.96999931335449,26.06999969482422,25.950000762939453,25.950000762939453,7505,DownTrend,False,False,25.980999755859376
2024-12-05 10:38:00-05:00,25.950000762939453,25.950000762939453,25.850000381469727,25.88999938964844,9773,DownTrend,False,False,25.94499969482422
2024-12-05 10:39:00-05:00,25.86000061035156,25.93000030517578,25.790000915527344,25.897499084472656,32124,DownTrend,False,False,25.93249969482422
2024-12-05 10:40:00-05:00,25.899999618530277,26.0,25.81999969482422,25.81999969482422,20174,DownTrend,False,False,25.896499633789062
2024-12-05 10:41:00-05:00,25.799999237060547,25.899999618530277,25.799999237060547,25.8085994720459,4397,DownTrend,False,False,25.873219680786132
2024-12-05 10:42:00-05:00,25.81999969482422,25.92989921569824,25.65999984741211,25.65999984741211,21075,DownTrend,False,False,25.815219497680665
2024-12-05 10:43:00-05:00,25.65999984741211,25.809999465942383,25.649999618530277,25.670000076293945,31857,DownTrend,False,False,25.771219635009764
2024-12-05 10:44:00-05:00,25.729999542236328,25.770000457763672,25.655799865722656,25.65999984741211,12459,DownTrend,False,False,25.723719787597656
2024-12-05 10:45:00-05:00,25.670000076293945,25.806100845336918,25.65999984741211,25.806100845336918,4530,DownTrend,False,False,25.720940017700194
2024-12-05 10:46:00-05:00,25.78219985961914,25.809999465942383,25.700000762939453,25.75,10320,DownTrend,False,False,25.709220123291015
2024-12-05 10:47:00-05:00,25.75,25.81999969482422,25.703399658203125,25.770000457763672,15206,DownTrend,False,False,25.731220245361328
2024-12-05 10:48:00-05:00,25.790000915527344,25.899900436401367,25.700000762939453,25.75489997863769,16805,DownTrend,False,False,25.74820022583008
2024-12-05 10:49:00-05:00,25.780000686645508,25.799999237060547,25.57999992370605,25.57999992370605,44219,DownTrend,False,False,25.73220024108887
2024-12-05 10:50:00-05:00,25.649999618530277,25.670000076293945,25.571199417114254,25.6299991607666,19532,DownTrend,False,False,25.696979904174803
2024-12-05 10:51:00-05:00,25.65719985961914,25.763999938964844,25.63999938964844,25.70009994506836,5814,DownTrend,False,False,25.686999893188478
2024-12-05 10:52:00-05:00,25.725000381469727,25.75,25.63999938964844,25.75,10734,DownTrend,False,False,25.68299980163574
2024-12-05 10:53:00-05:00,25.700000762939453,25.709999084472656,25.63999938964844,25.670000076293945,4039,DownTrend,False,False,25.66601982116699
2024-12-05 10:54:00-05:00,25.68989944458008,25.729999542236328,25.6200008392334,25.6200008392334,6418,DownTrend,False,False,25.67402000427246
2024-12-05 10:55:00-05:00,25.61009979248047,25.61009979248047,25.549999237060547,25.56999969482422,23598,DownTrend,False,False,25.662020111083983
2024-12-05 10:56:00-05:00,25.552000045776367,25.61000061035156,25.51000022888184,25.56999969482422,13955,DownTrend,False,False,25.636000061035155
2024-12-05 10:57:00-05:00,25.57999992370605,25.57999992370605,25.40999984741211,25.43000030517578,85856,DownTrend,False,False,25.572000122070314
2024-12-05 10:58:00-05:00,25.399999618530277,25.420000076293945,25.26000022888184,25.34000015258789,42742,DownTrend,False,False,25.506000137329103
2024-12-05 10:59:00-05:00,25.316200256347656,25.350000381469727,25.290000915527344,25.350000381469727,9149,DownTrend,False,False,25.452000045776366
2024-12-05 11:00:00-05:00,25.399999618530277,25.5,25.350099563598636,25.44499969482422,10095,DownTrend,False,False,25.427000045776367
2024-12-05 11:01:00-05:00,25.40999984741211,25.45800018310547,25.40999984741211,25.440000534057617,4432,DownTrend,False,False,25.401000213623046
2024-12-05 11:02:00-05:00,25.399999618530277,25.479999542236328,25.36000061035156,25.479999542236328,9956,DownTrend,False,False,25.411000061035157
2024-12-05 11:03:00-05:00,25.459999084472656,25.5,25.4060001373291,25.4060001373291,4881,DownTrend,False,False,25.4242000579834
2024-12-05 11:04:00-05:00,25.40999984741211,25.459999084472656,25.40999984741211,25.413799285888672,4248,DownTrend,False,False,25.43695983886719
2024-12-05 11:05:00-05:00,25.440000534057617,25.440000534057617,25.38999938964844,25.434999465942383,12874,DownTrend,False,False,25.43495979309082
2024-12-05 11:06:00-05:00,25.40999984741211,25.5,25.299999237060547,25.475000381469727,32130,DownTrend,False,False,25.44195976257324
2024-12-05 11:07:00-05:00,25.51959991455078,25.559999465942383,25.440000534057617,25.459999084472656,9827,DownTrend,False,False,25.437959671020508
2024-12-05 11:08:00-05:00,25.440000534057617,25.46999931335449,25.32999992370605,25.38999938964844,63219,DownTrend,False,False,25.434759521484374
2024-12-05 11:09:00-05:00,25.3700008392334,25.420000076293945,25.32999992370605,25.344200134277344,12845,DownTrend,False,False,25.420839691162108
2024-12-05 11:10:00-05:00,25.33530044555664,25.33530044555664,25.15999984741211,25.1648006439209,42719,DownTrend,False,False,25.366799926757814
2024-12-05 11:11:00-05:00,25.18000030517578,25.209999084472656,25.1200008392334,25.184999465942383,39150,DownTrend,False,False,25.308799743652344
2024-12-05 11:12:00-05:00,25.229999542236328,25.229999542236328,25.131999969482425,25.18000030517578,9559,DownTrend,False,False,25.25279998779297
2024-12-05 11:13:00-05:00,25.18000030517578,25.191499710083008,24.770000457763672,24.98500061035156,114837,DownTrend,False,False,25.171800231933595
2024-12-05 11:14:00-05:00,25.01000022888184,25.1200008392334,24.989999771118164,25.07999992370605,9433,DownTrend,False,False,25.118960189819333
2024-12-05 11:15:00-05:00,25.07999992370605,25.114999771118164,25.040000915527344,25.114999771118164,16256,DownTrend,False,False,25.109000015258786
2024-12-05 11:16:00-05:00,25.13990020751953,25.13990020751953,24.899999618530277,24.916200637817383,26822,DownTrend,False,False,25.055240249633787
2024-12-05 11:17:00-05:00,24.909799575805664,24.959999084472656,24.770000457763672,24.87150001525879,57135,DownTrend,False,False,24.99354019165039
2024-12-05 11:18:00-05:00,24.979999542236328,25.06999969482422,24.906700134277344,25.01499938964844,6629,DownTrend,False,False,24.999539947509767
2024-12-05 11:19:00-05:00,25.100000381469727,25.149999618530277,25.00040054321289,25.030000686645508,14814,DownTrend,False,False,24.989540100097656
2024-12-05 11:20:00-05:00,25.030000686645508,25.1200008392334,25.020000457763672,25.1200008392334,14634,DownTrend,False,False,24.990540313720704
2024-12-05 11:21:00-05:00,25.059999465942383,25.290000915527344,25.059999465942383,25.209999084472656,20879,DownTrend,False,False,25.04930000305176
2024-12-05 11:22:00-05:00,25.209999084472656,25.269899368286133,25.06940078735352,25.11000061035156,12617,DownTrend,False,False,25.097000122070312
2024-12-05 11:23:00-05:00,25.149999618530277,25.239999771118164,25.11000061035156,25.190000534057617,10544,DownTrend,False,False,25.132000350952147
2024-12-05 11:24:00-05:00,25.229999542236328,25.2455997467041,25.100000381469727,25.114999771118164,11425,DownTrend,False,False,25.14900016784668
2024-12-05 11:25:00-05:00,25.128999710083008,25.16990089416504,25.100000381469727,25.161699295043945,18149,DownTrend,False,False,25.15733985900879
2024-12-05 11:26:00-05:00,25.1299991607666,25.16990089416504,24.940000534057617,24.94610023498535,19122,DownTrend,False,False,25.104560089111327
2024-12-05 11:27:00-05:00,24.950000762939453,25.1200008392334,24.940000534057617,25.040000915527344,13722,DownTrend,False,False,25.090560150146484
2024-12-05 11:28:00-05:00,25.02910041809082,25.11989974975586,25.02910041809082,25.049999237060547,3434,DownTrend,False,False,25.06255989074707
2024-12-05 11:29:00-05:00,25.049999237060547,25.11000061035156,25.049999237060547,25.100000381469727,4255,DownTrend,False,False,25.059560012817382
2024-12-05 11:30:00-05:00,25.06999969482422,25.1200008392334,25.06130027770996,25.08989906311035,9313,DownTrend,False,False,25.045199966430665
2024-12-05 11:31:00-05:00,25.1200008392334,25.199899673461918,25.06999969482422,25.190000534057617,27721,DownTrend,False,False,25.093980026245116
2024-12-05 11:32:00-05:00,25.1299991607666,25.18000030517578,25.09000015258789,25.13999938964844,4080,DownTrend,False,False,25.113979721069335
2024-12-05 11:33:00-05:00,25.19930076599121,25.19930076599121,25.1200008392334,25.1200008392334,9262,DownTrend,False,False,25.127980041503907
2024-12-05 11:34:00-05:00,25.11000061035156,25.148700714111328,24.979999542236328,25.0664005279541,27096,DownTrend,False,False,25.12126007080078
2024-12-05 11:35:00-05:00,25.049999237060547,25.06999969482422,25.00349998474121,25.020000457763672,12660,DownTrend,False,False,25.107280349731447
2024-12-05 11:36:00-05:00,25.030000686645508,25.040000915527344,24.979999542236328,25.020000457763672,8637,DownTrend,False,False,25.073280334472656
2024-12-05 11:37:00-05:00,25.068700790405277,25.068700790405277,24.96999931335449,25.0,12015,DownTrend,False,False,25.04528045654297
2024-12-05 11:38:00-05:00,24.99850082397461,25.059999465942383,24.96999931335449,25.0,6043,DownTrend,False,False,25.02128028869629
2024-12-05 11:39:00-05:00,25.00200080871582,25.07999992370605,25.0,25.07999992370605,12080,DownTrend,False,False,25.02400016784668
2024-12-05 11:40:00-05:00,25.1200008392334,25.143999099731445,25.07999992370605,25.11000061035156,4022,DownTrend,False,False,25.042000198364256
2024-12-05 11:41:00-05:00,25.11000061035156,25.190000534057617,25.11000061035156,25.15999984741211,3998,DownTrend,False,True,25.070000076293944
2024-12-05 11:42:00-05:00,25.18000030517578,25.280000686645508,25.15999984741211,25.229999542236328,9926,UpTrend,True,False,25.11599998474121
2024-12-05 11:43:00-05:00,25.22649955749512,25.36000061035156,25.200000762939453,25.3435001373291,7137,UpTrend,False,False,25.18470001220703
2024-12-05 11:44:00-05:00,25.290000915527344,25.35169982910156,25.270000457763672,25.35169982910156,9551,UpTrend,False,False,25.239039993286134
2024-12-05 11:45:00-05:00,25.290000915527344,25.33679962158203,25.200000762939453,25.25760078430176,12279,UpTrend,False,False,25.268560028076173
2024-12-05 11:46:00-05:00,25.200000762939453,25.289899826049805,25.200000762939453,25.270000457763672,8565,UpTrend,False,False,25.290560150146483
2024-12-05 11:47:00-05:00,25.285400390625,25.285400390625,25.206100463867188,25.25,3461,UpTrend,False,False,25.29456024169922
2024-12-05 11:48:00-05:00,25.26300048828125,25.3031005859375,25.247800827026367,25.280000686645508,3724,UpTrend,False,False,25.2818603515625
2024-12-05 11:49:00-05:00,25.25,25.34000015258789,25.25,25.34000015258789,12464,UpTrend,False,False,25.279520416259764
2024-12-05 11:50:00-05:00,25.280000686645508,25.34000015258789,25.280000686645508,25.290000915527344,4324,UpTrend,False,False,25.286000442504882
2024-12-05 11:51:00-05:00,25.280000686645508,25.399999618530277,25.280000686645508,25.395000457763672,13663,UpTrend,False,False,25.311000442504884
2024-12-05 11:52:00-05:00,25.330299377441406,25.5,25.299999237060547,25.40999984741211,29495,UpTrend,False,False,25.343000411987305
2024-12-05 11:53:00-05:00,25.43000030517578,25.502899169921875,25.40139961242676,25.502899169921875,9204,UpTrend,False,False,25.387580108642577
2024-12-05 11:54:00-05:00,25.5,25.516700744628903,25.420000076293945,25.440000534057617,5072,UpTrend,False,False,25.407580184936524
2024-12-05 11:55:00-05:00,25.46999931335449,25.549999237060547,25.440000534057617,25.459999084472656,7351,UpTrend,False,False,25.441579818725586
2024-12-05 11:56:00-05:00,25.48500061035156,25.4960994720459,25.420000076293945,25.4960994720459,2844,UpTrend,False,False,25.46179962158203
2024-12-05 11:57:00-05:00,25.489999771118164,25.520000457763672,25.423999786376957,25.450000762939453,3632,UpTrend,False,False,25.4697998046875
2024-12-05 11:58:00-05:00,25.450000762939453,25.709999084472656,25.450000762939453,25.6299991607666,21569,UpTrend,False,False,25.495219802856447
2024-12-05 11:59:00-05:00,25.450000762939453,25.549999237060547,25.440000534057617,25.538799285888672,10881,UpTrend,False,False,25.514979553222656
2024-12-05 12:00:00-05:00,25.4950008392334,25.530000686645508,25.479999542236328,25.479999542236328,3108,UpTrend,False,False,25.518979644775392
2024-12-05 12:01:00-05:00,25.40999984741211,25.45800018310547,25.3700008392334,25.38999938964844,4405,UpTrend,False,False,25.4977596282959
2024-12-05 12:02:00-05:00,25.415000915527344,25.489999771118164,25.415000915527344,25.417299270629883,1819,UpTrend,False,False,25.491219329833985
2024-12-05 12:03:00-05:00,25.450000762939453,25.57999992370605,25.440000534057617,25.565000534057617,6194,UpTrend,False,False,25.47821960449219
2024-12-05 12:04:00-05:00,25.559999465942383,25.600000381469727,25.530000686645508,25.56999969482422,11723,UpTrend,False,False,25.484459686279298
2024-12-05 12:05:00-05:00,25.59000015258789,25.61000061035156,25.56999969482422,25.61000061035156,3143,UpTrend,False,False,25.510459899902344
2024-12-05 12:06:00-05:00,25.6299991607666,25.670000076293945,25.600000381469727,25.670000076293945,3547,UpTrend,False,False,25.566460037231444
2024-12-05 12:07:00-05:00,25.65999984741211,25.69580078125,25.645000457763672,25.69580078125,6484,UpTrend,False,False,25.622160339355467
2024-12-05 12:08:00-05:00,25.690000534057617,25.899999618530277,25.690000534057617,25.86000061035156,16071,UpTrend,False,False,25.681160354614256
2024-12-05 12:09:00-05:00,25.86000061035156,25.888999938964844,25.81599998474121,25.833999633789062,5874,UpTrend,False,False,25.733960342407226
2024-12-05 12:10:00-05:00,25.809999465942383,25.850000381469727,25.700000762939453,25.7007999420166,33199,UpTrend,False,False,25.752120208740234
2024-12-05 12:11:00-05:00,25.725000381469727,25.7450008392334,25.70009994506836,25.7450008392334,6447,UpTrend,False,False,25.767120361328125
2024-12-05 12:12:00-05:00,25.739999771118164,25.770000457763672,25.71999931335449,25.739999771118164,4537,UpTrend,False,False,25.775960159301757
2024-12-05 12:13:00-05:00,25.780000686645508,25.86000061035156,25.770000457763672,25.799999237060547,4395,UpTrend,False,False,25.763959884643555
2024-12-05 12:14:00-05:00,25.799999237060547,25.86000061035156,25.71999931335449,25.81999969482422,18764,UpTrend,False,False,25.761159896850586
2024-12-05 12:15:00-05:00,25.81999969482422,25.81999969482422,25.71999931335449,25.71999931335449,2744,UpTrend,False,False,25.764999771118163
2024-12-05 12:16:00-05:00,25.72010040283203,25.797199249267575,25.700000762939453,25.700000762939453,7601,UpTrend,False,False,25.755999755859374
2024-12-05 12:17:00-05:00,25.71999931335449,25.739999771118164,25.71999931335449,25.739999771118164,2386,UpTrend,False,False,25.755999755859374
2024-12-05 12:18:00-05:00,25.72330093383789,25.84000015258789,25.72330093383789,25.84000015258789,9191,UpTrend,False,False,25.763999938964844
2024-12-05 12:19:00-05:00,25.87849998474121,25.93000030517578,25.850000381469727,25.86050033569336,6261,UpTrend,False,False,25.772100067138673
2024-12-05 12:20:00-05:00,25.86000061035156,25.887800216674805,25.80069923400879,25.882999420166016,11012,UpTrend,False,False,25.804700088500976
2024-12-05 12:21:00-05:00,25.85890007019043,25.920000076293945,25.85890007019043,25.920000076293945,4331,UpTrend,False,False,25.848699951171874
2024-12-05 12:22:00-05:00,25.8799991607666,25.909099578857425,25.850000381469727,25.8799991607666,8136,UpTrend,False,False,25.87669982910156
2024-12-05 12:23:00-05:00,25.86000061035156,25.864999771118164,25.850000381469727,25.850000381469727,1559,UpTrend,False,False,25.87869987487793
2024-12-05 12:24:00-05:00,25.90800094604492,26.01499938964844,25.867000579833984,25.959999084472656,14207,UpTrend,False,False,25.89859962463379
2024-12-05 12:25:00-05:00,25.959999084472656,26.030000686645508,25.88999938964844,25.988399505615234,9001,UpTrend,False,False,25.919679641723633
2024-12-05 12:26:00-05:00,25.975000381469727,26.0,25.92040061950684,25.93000030517578,8805,UpTrend,False,False,25.9216796875
2024-12-05 12:27:00-05:00,25.93000030517578,25.934999465942383,25.86000061035156,25.9143009185791,7802,UpTrend,False,False,25.9285400390625
2024-12-05 12:28:00-05:00,25.920000076293945,26.049999237060547,25.915000915527344,26.049999237060547,3442,UpTrend,False,False,25.968539810180665
2024-12-05 12:29:00-05:00,26.0,26.0,25.979999542236328,25.989900588989254,2747,UpTrend,False,False,25.974520111083983
2024-12-05 12:30:00-05:00,25.959999084472656,25.999900817871094,25.90369987487793,25.95389938354492,2304,UpTrend,False,False,25.96762008666992
2024-12-05 12:31:00-05:00,25.86000061035156,25.86000061035156,25.86000061035156,25.86000061035156,837,UpTrend,False,False,25.953620147705074
2024-12-05 12:32:00-05:00,25.940000534057617,25.96999931335449,25.93000030517578,25.96999931335449,4316,UpTrend,False,False,25.96475982666015
2024-12-05 12:33:00-05:00,25.989999771118164,26.040000915527344,25.989999771118164,25.989999771118164,11900,UpTrend,False,False,25.952759933471675
2024-12-05 12:34:00-05:00,26.03059959411621,26.0629997253418,26.03059959411621,26.049999237060547,3715,UpTrend,False,False,25.964779663085938
2024-12-05 12:35:00-05:00,26.049999237060547,26.049999237060547,26.049999237060547,26.049999237060547,3840,UpTrend,False,False,25.98399963378906
2024-12-05 12:36:00-05:00,26.040000915527344,26.049999237060547,26.040000915527344,26.049999237060547,1188,UpTrend,False,False,26.02199935913086
2024-12-05 12:37:00-05:00,26.06999969482422,26.190000534057617,26.03179931640625,26.149999618530277,14167,UpTrend,False,False,26.057999420166016
2024-12-05 12:38:00-05:00,26.149999618530277,26.202999114990234,26.149999618530277,26.202999114990234,11751,UpTrend,False,False,26.10059928894043
2024-12-05 12:39:00-05:00,26.200000762939453,26.21999931335449,26.149999618530277,26.149999618530277,13207,UpTrend,False,False,26.120599365234376
2024-12-05 12:40:00-05:00,26.1200008392334,26.1200008392334,26.061899185180664,26.07999992370605,7308,UpTrend,False,False,26.126599502563476
2024-12-05 12:41:00-05:00,26.1200008392334,26.155000686645508,26.091100692749023,26.149999618530277,2454,UpTrend,False,False,26.146599578857423
2024-12-05 12:42:00-05:00,26.1299991607666,26.1879997253418,26.12070083618164,26.15900039672852,1621,UpTrend,False,False,26.14839973449707
2024-12-05 12:43:00-05:00,26.100000381469727,26.149999618530277,26.100000381469727,26.149999618530277,1663,UpTrend,False,False,26.13779983520508
2024-12-05 12:44:00-05:00,26.15999984741211,26.20050048828125,26.110700607299805,26.15999984741211,8994,UpTrend,False,False,26.139799880981446
2024-12-05 12:45:00-05:00,26.149999618530277,26.149999618530277,26.1299991607666,26.1299991607666,3612,UpTrend,False,False,26.149799728393553
2024-12-05 12:46:00-05:00,26.15999984741211,26.200000762939453,26.131000518798828,26.200000762939453,14130,UpTrend,False,False,26.15979995727539
2024-12-05 12:47:00-05:00,26.192800521850582,26.239999771118164,26.1299991607666,26.1299991607666,5383,UpTrend,False,False,26.153999710083006
2024-12-05 12:48:00-05:00,26.14299964904785,26.194299697875977,26.14299964904785,26.174999237060547,6017,UpTrend,False,False,26.158999633789062
2024-12-05 12:49:00-05:00,26.152999877929688,26.209999084472656,26.152999877929688,26.190000534057617,2459,UpTrend,False,False,26.164999771118165
2024-12-05 12:50:00-05:00,26.202800750732425,26.239999771118164,26.200000762939453,26.221900939941406,4284,UpTrend,False,False,26.183380126953125
2024-12-05 12:51:00-05:00,26.21999931335449,26.2549991607666,26.21999931335449,26.2549991607666,4940,UpTrend,False,False,26.194379806518555
2024-12-05 12:52:00-05:00,26.21999931335449,26.225000381469727,26.21999931335449,26.225000381469727,1560,UpTrend,False,False,26.21338005065918
2024-12-05 12:53:00-05:00,26.214399337768555,26.214399337768555,26.11280059814453,26.13999938964844,9046,UpTrend,False,False,26.206380081176757
2024-12-05 12:54:00-05:00,26.19070053100586,26.19070053100586,26.1299991607666,26.15999984741211,3706,UpTrend,False,False,26.200379943847658
2024-12-05 12:55:00-05:00,26.15999984741211,26.15999984741211,26.13999938964844,26.13999938964844,5680,UpTrend,False,False,26.183999633789064
2024-12-05 12:56:00-05:00,26.155000686645508,26.18000030517578,26.030000686645508,26.030000686645508,32352,UpTrend,False,False,26.138999938964844
2024-12-05 12:57:00-05:00,26.075000762939453,26.09000015258789,26.040000915527344,26.040000915527344,6740,UpTrend,False,False,26.102000045776368
2024-12-05 12:58:00-05:00,26.100000381469727,26.100000381469727,26.020000457763672,26.040000915527344,2450,UpTrend,False,False,26.08200035095215
2024-12-05 12:59:00-05:00,26.03499984741211,26.049999237060547,26.02179908752441,26.049999237060547,2897,UpTrend,False,False,26.060000228881837
2024-12-05 13:00:00-05:00,26.100000381469727,26.1200008392334,26.06999969482422,26.088600158691406,10572,UpTrend,False,False,26.04972038269043
2024-12-05 13:01:00-05:00,26.020000457763672,26.145000457763672,26.0,26.145000457763672,9231,UpTrend,False,False,26.072720336914063
2024-12-05 13:02:00-05:00,26.190000534057617,26.200000762939453,26.149999618530277,26.18000030517578,3549,UpTrend,False,False,26.10072021484375
2024-12-05 13:03:00-05:00,26.149999618530277,26.149999618530277,26.040000915527344,26.040000915527344,7913,UpTrend,False,False,26.10072021484375
2024-12-05 13:04:00-05:00,26.040000915527344,26.075000762939453,26.040000915527344,26.075000762939453,1200,UpTrend,False,False,26.10572052001953
2024-12-05 13:05:00-05:00,26.084199905395508,26.105600357055664,26.082000732421875,26.105600357055664,620,UpTrend,False,False,26.109120559692382
2024-12-05 13:06:00-05:00,26.049999237060547,26.07999992370605,26.040000915527344,26.07999992370605,1559,UpTrend,False,False,26.09612045288086
2024-12-05 13:07:00-05:00,26.040000915527344,26.13999938964844,26.040000915527344,26.059999465942383,6014,UpTrend,False,False,26.07212028503418
2024-12-05 13:08:00-05:00,26.059999465942383,26.059999465942383,26.059999465942383,26.059999465942383,960,UpTrend,False,False,26.07611999511719
2024-12-05 13:09:00-05:00,26.01000022888184,26.01000022888184,26.01000022888184,26.01000022888184,1624,UpTrend,False,False,26.063119888305664
2024-12-05 13:10:00-05:00,26.049999237060547,26.049999237060547,26.01000022888184,26.01000022888184,627,UpTrend,False,False,26.043999862670898
2024-12-05 13:11:00-05:00,26.08580017089844,26.08580017089844,26.01000022888184,26.01000022888184,1621,UpTrend,False,False,26.029999923706054
2024-12-05 13:12:00-05:00,26.01000022888184,26.05500030517578,26.01000022888184,26.01000022888184,3695,UpTrend,False,False,26.020000076293947
2024-12-05 13:13:00-05:00,26.000099182128903,26.03319931030273,25.959999084472656,25.989999771118164,5755,UpTrend,False,False,26.006000137329103
2024-12-05 13:14:00-05:00,26.040000915527344,26.065000534057617,26.00349998474121,26.00349998474121,7724,UpTrend,False,False,26.004700088500975
2024-12-05 13:15:00-05:00,26.01000022888184,26.06999969482422,25.989999771118164,26.020000457763672,2849,UpTrend,False,False,26.006700134277345
2024-12-05 13:16:00-05:00,26.059999465942383,26.06999969482422,26.01160049438477,26.020000457763672,3574,UpTrend,False,False,26.00870018005371
2024-12-05 13:17:00-05:00,26.04439926147461,26.059999465942383,26.0,26.059999465942383,1132,UpTrend,False,False,26.01870002746582
2024-12-05 13:18:00-05:00,26.010099411010746,26.010099411010746,25.959999084472656,25.979999542236328,14119,UpTrend,False,False,26.016699981689452
2024-12-05 13:19:00-05:00,25.98500061035156,25.99329948425293,25.8700008392334,25.8700008392334,7120,UpTrend,False,True,25.99000015258789
2024-12-05 13:20:00-05:00,25.8700008392334,25.871400833129883,25.660200119018555,25.69669914245605,46092,DownTrend,True,False,25.925339889526366
2024-12-05 13:21:00-05:00,25.690000534057617,25.746700286865234,25.65999984741211,25.670000076293945,5933,DownTrend,False,False,25.855339813232423
2024-12-05 13:22:00-05:00,25.700000762939453,25.729999542236328,25.700000762939453,25.729999542236328,3013,DownTrend,False,False,25.78933982849121
2024-12-05 13:23:00-05:00,25.65999984741211,25.66519927978516,25.559999465942383,25.59000015258789,12768,DownTrend,False,False,25.711339950561523
2024-12-05 13:24:00-05:00,25.559999465942383,25.59000015258789,25.545000076293945,25.56010055541992,4324,DownTrend,False,False,25.649359893798827
2024-12-05 13:25:00-05:00,25.51000022888184,25.51799964904785,25.479999542236328,25.485700607299805,8815,DownTrend,False,False,25.60716018676758
2024-12-05 13:26:00-05:00,25.479999542236328,25.545000076293945,25.479999542236328,25.545000076293945,3562,DownTrend,False,False,25.582160186767574
2024-12-05 13:27:00-05:00,25.51000022888184,25.51000022888184,25.489999771118164,25.489999771118164,3585,DownTrend,False,False,25.534160232543947
2024-12-05 13:28:00-05:00,25.46999931335449,25.5,25.453500747680664,25.49810028076172,2228,DownTrend,False,False,25.51578025817871
2024-12-05 13:29:00-05:00,25.489999771118164,25.5,25.399999618530277,25.459999084472656,10131,DownTrend,False,False,25.495759963989258
2024-12-05 13:30:00-05:00,25.45499992370605,25.45499992370605,25.3700008392334,25.375,6838,DownTrend,False,False,25.473619842529295
2024-12-05 13:31:00-05:00,25.38999938964844,25.40999984741211,25.350000381469727,25.350000381469727,3440,DownTrend,False,False,25.434619903564453
2024-12-05 13:32:00-05:00,25.367000579833984,25.43000030517578,25.367000579833984,25.43000030517578,14642,DownTrend,False,False,25.422620010375976
2024-12-05 13:33:00-05:00,25.426300048828125,25.479999542236328,25.426300048828125,25.46999931335449,4295,DownTrend,False,False,25.41699981689453
2024-12-05 13:34:00-05:00,25.489999771118164,25.56599998474121,25.46619987487793,25.53580093383789,3197,DownTrend,False,False,25.43216018676758
2024-12-05 13:35:00-05:00,25.54450035095215,25.63999938964844,25.530000686645508,25.530000686645508,8243,DownTrend,False,False,25.46316032409668
2024-12-05 13:36:00-05:00,25.582199096679688,25.6200008392334,25.575899124145508,25.614999771118164,1907,DownTrend,False,False,25.516160202026366
2024-12-05 13:37:00-05:00,25.63999938964844,25.66830062866211,25.56999969482422,25.56999969482422,13050,DownTrend,False,False,25.544160079956054
2024-12-05 13:38:00-05:00,25.65999984741211,25.748899459838867,25.6200008392334,25.748899459838867,3080,DownTrend,False,False,25.59994010925293
2024-12-05 13:39:00-05:00,25.632099151611328,25.68000030517578,25.6299991607666,25.670000076293945,1345,DownTrend,False,False,25.62677993774414
2024-12-05 13:40:00-05:00,25.63999938964844,25.729999542236328,25.63999938964844,25.709999084472656,11670,DownTrend,False,False,25.66277961730957
2024-12-05 13:41:00-05:00,25.71220016479492,25.71220016479492,25.700000762939453,25.700000762939453,1822,DownTrend,False,False,25.67977981567383
2024-12-05 13:42:00-05:00,25.68000030517578,25.69050025939941,25.65379905700684,25.69050025939941,1514,DownTrend,False,False,25.70387992858887
2024-12-05 13:43:00-05:00,25.69050025939941,25.700000762939453,25.656400680541992,25.700000762939453,924,DownTrend,False,False,25.694100189208985
2024-12-05 13:44:00-05:00,25.65999984741211,25.665000915527344,25.600000381469727,25.614999771118164,1603,DownTrend,False,False,25.683100128173827
2024-12-05 13:45:00-05:00,25.65999984741211,25.66819953918457,25.63999938964844,25.66819953918457,702,DownTrend,False,False,25.67474021911621
2024-12-05 13:46:00-05:00,25.649999618530277,25.649999618530277,25.59000015258789,25.63599967956543,2041,DownTrend,False,False,25.661940002441405
2024-12-05 13:47:00-05:00,25.63999938964844,25.67919921875,25.6299991607666,25.63999938964844,914,DownTrend,False,False,25.651839828491212
2024-12-05 13:48:00-05:00,25.6299991607666,25.6299991607666,25.6299991607666,25.6299991607666,277,DownTrend,False,False,25.63783950805664
2024-12-05 13:49:00-05:00,25.63999938964844,25.653499603271484,25.600000381469727,25.63999938964844,3389,DownTrend,False,False,25.642839431762695
2024-12-05 13:50:00-05:00,25.67889976501465,25.67889976501465,25.600000381469727,25.600000381469727,3062,DownTrend,False,False,25.629199600219728
2024-12-05 13:51:00-05:00,25.51180076599121,25.520000457763672,25.5,25.51000022888184,4573,DownTrend,False,False,25.60399971008301
2024-12-05 13:52:00-05:00,25.479999542236328,25.540000915527344,25.479999542236328,25.538799285888672,1483,DownTrend,False,False,25.583759689331053
2024-12-05 13:53:00-05:00,25.51000022888184,25.51000022888184,25.420000076293945,25.42009925842285,6274,DownTrend,False,False,25.541779708862304
2024-12-05 13:54:00-05:00,25.42720031738281,25.459999084472656,25.42720031738281,25.440000534057617,9805,DownTrend,False,False,25.50177993774414
2024-12-05 13:55:00-05:00,25.5039005279541,25.530000686645508,25.489999771118164,25.489999771118164,2680,DownTrend,False,False,25.47977981567383
2024-12-05 13:56:00-05:00,25.489999771118164,25.530000686645508,25.450000762939453,25.530000686645508,6748,DownTrend,False,False,25.483779907226562
2024-12-05 13:57:00-05:00,25.46999931335449,25.5,25.36000061035156,25.3700008392334,6456,DownTrend,False,False,25.450020217895506
2024-12-05 13:58:00-05:00,25.393699645996094,25.402700424194336,25.393699645996094,25.402700424194336,2987,DownTrend,False,False,25.446540451049806
2024-12-05 13:59:00-05:00,25.40010070800781,25.450000762939453,25.40010070800781,25.431699752807617,5055,DownTrend,False,False,25.444880294799805
2024-12-05 14:00:00-05:00,25.399999618530277,25.51000022888184,25.399999618530277,25.51000022888184,5327,DownTrend,False,False,25.448880386352542
2024-12-05 14:01:00-05:00,25.530000686645508,25.530000686645508,25.5,25.5,1947,DownTrend,False,False,25.44288024902344
2024-12-05 14:02:00-05:00,25.489999771118164,25.489999771118164,25.489999771118164,25.489999771118164,3098,DownTrend,False,False,25.46688003540039
2024-12-05 14:03:00-05:00,25.459999084472656,25.459999084472656,25.459999084472656,25.459999084472656,1304,DownTrend,False,False,25.478339767456056
2024-12-05 14:04:00-05:00,25.489999771118164,25.489999771118164,25.489999771118164,25.489999771118164,374,DownTrend,False,False,25.489999771118164
2024-12-05 14:05:00-05:00,25.450000762939453,25.549999237060547,25.440000534057617,25.51000022888184,15135,DownTrend,False,False,25.489999771118164
2024-12-05 14:06:00-05:00,25.54990005493164,25.54990005493164,25.481300354003903,25.51499938964844,1351,DownTrend,False,False,25.492999649047853
2024-12-05 14:07:00-05:00,25.530000686645508,25.549999237060547,25.524999618530277,25.540000915527344,1482,DownTrend,False,False,25.50299987792969
2024-12-05 14:08:00-05:00,25.559999465942383,25.559999465942383,25.549999237060547,25.549999237060547,902,DownTrend,False,False,25.520999908447266
2024-12-05 14:09:00-05:00,25.600000381469727,25.600000381469727,25.59709930419922,25.59709930419922,2131,DownTrend,False,False,25.542419815063475
2024-12-05 14:10:00-05:00,25.59860038757324,25.659900665283203,25.57999992370605,25.63999938964844,8773,DownTrend,False,False,25.568419647216796
2024-12-05 14:11:00-05:00,25.65449905395508,25.680099487304688,25.645000457763672,25.672199249267575,6637,DownTrend,False,False,25.599859619140624
2024-12-05 14:12:00-05:00,25.684999465942383,25.684999465942383,25.6299991607666,25.6299991607666,3015,DownTrend,False,False,25.617859268188475
2024-12-05 14:13:00-05:00,25.6299991607666,25.663000106811523,25.6299991607666,25.663000106811523,434,DownTrend,False,False,25.64045944213867
2024-12-05 14:14:00-05:00,25.670000076293945,25.670000076293945,25.670000076293945,25.670000076293945,659,DownTrend,False,False,25.655039596557618
2024-12-05 14:15:00-05:00,25.674999237060547,25.674999237060547,25.65999984741211,25.65999984741211,467,DownTrend,False,False,25.65903968811035
2024-12-05 14:16:00-05:00,25.670000076293945,25.670000076293945,25.670000076293945,25.670000076293945,1932,DownTrend,False,False,25.658599853515625
2024-12-05 14:17:00-05:00,25.67720031738281,25.697599411010746,25.6299991607666,25.6299991607666,2450,DownTrend,False,False,25.658599853515625
2024-12-05 14:18:00-05:00,25.645000457763672,25.645000457763672,25.550600051879883,25.600000381469727,8610,DownTrend,False,False,25.645999908447266
2024-12-05 14:19:00-05:00,25.63999938964844,25.63999938964844,25.63999938964844,25.63999938964844,217,DownTrend,False,False,25.639999771118163
2024-12-05 14:20:00-05:00,25.614999771118164,25.68000030517578,25.614999771118164,25.68000030517578,2217,DownTrend,False,False,25.6439998626709
2024-12-05 14:21:00-05:00,25.697999954223636,25.709999084472656,25.690000534057617,25.696199417114254,1117,DownTrend,False,False,25.64923973083496
2024-12-05 14:22:00-05:00,25.655000686645508,25.709999084472656,25.655000686645508,25.709999084472656,733,DownTrend,False,False,25.66523971557617
2024-12-05 14:23:00-05:00,25.600000381469727,25.709999084472656,25.600000381469727,25.709999084472656,2242,DownTrend,False,False,25.68723945617676
2024-12-05 14:25:00-05:00,25.690000534057617,25.690000534057617,25.62220001220703,25.6299991607666,1742,DownTrend,False,False,25.685239410400392
2024-12-05 14:26:00-05:00,25.690000534057617,25.690000534057617,25.6299991607666,25.68000030517578,1524,DownTrend,False,False,25.685239410400392
2024-12-05 14:27:00-05:00,25.65999984741211,25.65999984741211,25.63999938964844,25.63999938964844,1353,DownTrend,False,False,25.673999404907228
2024-12-05 14:28:00-05:00,25.636999130249023,25.636999130249023,25.636999130249023,25.636999130249023,206,DownTrend,False,False,25.6593994140625
2024-12-05 14:30:00-05:00,25.63999938964844,25.63999938964844,25.63999938964844,25.63999938964844,521,DownTrend,False,False,25.645399475097655
2024-12-05 14:31:00-05:00,25.61470031738281,25.63500022888184,25.61470031738281,25.63500022888184,264,DownTrend,False,False,25.646399688720702
2024-12-05 14:32:00-05:00,25.6338005065918,25.649999618530277,25.6338005065918,25.649999618530277,1907,DownTrend,False,False,25.640399551391607
2024-12-05 14:33:00-05:00,25.68000030517578,25.68000030517578,25.66469955444336,25.66469955444336,1202,DownTrend,False,False,25.64533958435059
2024-12-05 14:34:00-05:00,25.63999938964844,25.63999938964844,25.57999992370605,25.57999992370605,3824,DownTrend,False,False,25.633939743041992
2024-12-05 14:35:00-05:00,25.57999992370605,25.57999992370605,25.57999992370605,25.57999992370605,129,DownTrend,False,False,25.621939849853515
2024-12-05 14:36:00-05:00,25.549999237060547,25.55500030517578,25.516700744628903,25.55500030517578,2284,DownTrend,False,False,25.605939865112305
2024-12-05 14:37:00-05:00,25.57999992370605,25.58289909362793,25.530000686645508,25.558500289916992,1944,DownTrend,False,False,25.587639999389648
2024-12-05 14:38:00-05:00,25.57999992370605,25.57999992370605,25.57999992370605,25.57999992370605,243,DownTrend,False,False,25.570700073242186
2024-12-05 14:39:00-05:00,25.584999084472656,25.65999984741211,25.584999084472656,25.59000015258789,1986,DownTrend,False,False,25.572700119018556
2024-12-05 14:40:00-05:00,25.61000061035156,25.61039924621582,25.61000061035156,25.61039924621582,1083,DownTrend,False,False,25.57877998352051
2024-12-05 14:41:00-05:00,25.61000061035156,25.614999771118164,25.57999992370605,25.57999992370605,989,DownTrend,False,False,25.58377990722656
2024-12-05 14:42:00-05:00,25.559999465942383,25.56999969482422,25.530000686645508,25.547700881958008,6549,DownTrend,False,False,25.581620025634763
2024-12-05 14:43:00-05:00,25.540000915527344,25.549999237060547,25.5,25.530000686645508,2770,DownTrend,False,False,25.571620178222656
2024-12-05 14:44:00-05:00,25.5,25.5,25.479999542236328,25.479999542236328,2329,DownTrend,False,False,25.549620056152342
2024-12-05 14:45:00-05:00,25.49620056152344,25.56999969482422,25.49620056152344,25.520000457763672,4014,DownTrend,False,False,25.531540298461913
2024-12-05 14:46:00-05:00,25.545000076293945,25.545000076293945,25.399999618530277,25.399999618530277,4682,DownTrend,False,False,25.49554023742676
2024-12-05 14:47:00-05:00,25.467199325561523,25.467199325561523,25.467199325561523,25.467199325561523,249,DownTrend,False,False,25.47943992614746
2024-12-05 14:48:00-05:00,25.46500015258789,25.519899368286133,25.45039939880371,25.475000381469727,4505,DownTrend,False,False,25.468439865112305
2024-12-05 14:49:00-05:00,25.450000762939453,25.450000762939453,25.420000076293945,25.44499969482422,1711,DownTrend,False,False,25.461439895629884
2024-12-05 14:50:00-05:00,25.420000076293945,25.429000854492188,25.399999618530277,25.403099060058597,3326,DownTrend,False,False,25.43805961608887
2024-12-05 14:51:00-05:00,25.479900360107425,25.479900360107425,25.42009925842285,25.469900131225582,1896,DownTrend,False,False,25.45203971862793
2024-12-05 14:52:00-05:00,25.420000076293945,25.489999771118164,25.38999938964844,25.489999771118164,11207,DownTrend,False,False,25.45659980773926
2024-12-05 14:54:00-05:00,25.46999931335449,25.502899169921875,25.450000762939453,25.502899169921875,3811,DownTrend,False,False,25.462179565429686
2024-12-05 14:55:00-05:00,25.5,25.549999237060547,25.489999771118164,25.530000686645508,4650,DownTrend,False,False,25.479179763793944
2024-12-05 14:56:00-05:00,25.549999237060547,25.5841007232666,25.549999237060547,25.56999969482422,1914,DownTrend,False,False,25.51255989074707
2024-12-05 14:57:00-05:00,25.57999992370605,25.57999992370605,25.56290054321289,25.56290054321289,1508,DownTrend,False,False,25.531159973144533
2024-12-05 14:58:00-05:00,25.599300384521484,25.600000381469727,25.56999969482422,25.58830070495605,1885,DownTrend,False,False,25.550820159912107
2024-12-05 14:59:00-05:00,25.559999465942383,25.600000381469727,25.518600463867188,25.518600463867188,6042,DownTrend,False,False,25.553960418701173
2024-12-05 15:00:00-05:00,25.511699676513672,25.530000686645508,25.5,25.524999618530277,7953,DownTrend,False,False,25.552960205078126
2024-12-05 15:01:00-05:00,25.489999771118164,25.520000457763672,25.475000381469727,25.475000381469727,3483,DownTrend,False,False,25.533960342407227
2024-12-05 15:02:00-05:00,25.5,25.5,25.450000762939453,25.459999084472656,2672,DownTrend,False,False,25.51338005065918
2024-12-05 15:03:00-05:00,25.450000762939453,25.530000686645508,25.450000762939453,25.52630043029785,2262,DownTrend,False,False,25.50097999572754
2024-12-05 15:04:00-05:00,25.5,25.559999465942383,25.5,25.559999465942383,1874,DownTrend,False,False,25.50925979614258
2024-12-05 15:05:00-05:00,25.56999969482422,25.56999969482422,25.56999969482422,25.56999969482422,3261,DownTrend,False,False,25.518259811401368
2024-12-05 15:06:00-05:00,25.565200805664062,25.56999969482422,25.565200805664062,25.56999969482422,2432,DownTrend,False,False,25.537259674072267
2024-12-05 15:07:00-05:00,25.549999237060547,25.549999237060547,25.489999771118164,25.489999771118164,1845,DownTrend,False,False,25.543259811401366
2024-12-05 15:08:00-05:00,25.51000022888184,25.520000457763672,25.51000022888184,25.520000457763672,738,DownTrend,False,False,25.54199981689453
2024-12-05 15:09:00-05:00,25.495800018310547,25.524999618530277,25.495800018310547,25.524999618530277,531,DownTrend,False,False,25.534999847412113
2024-12-05 15:10:00-05:00,25.540000915527344,25.56999969482422,25.520000457763672,25.540000915527344,1622,DownTrend,False,False,25.529000091552735
2024-12-05 15:11:00-05:00,25.559999465942383,25.569299697875977,25.530000686645508,25.559999465942383,1615,DownTrend,False,False,25.52700004577637
2024-12-05 15:12:00-05:00,25.530000686645508,25.584400177001957,25.5,25.545000076293945,8038,DownTrend,False,False,25.538000106811523
2024-12-05 15:13:00-05:00,25.57990074157715,25.57990074157715,25.46999931335449,25.56999969482422,41931,DownTrend,False,False,25.547999954223634
2024-12-05 15:14:00-05:00,25.540000915527344,25.56999969482422,25.520000457763672,25.520000457763672,3390,DownTrend,False,False,25.547000122070312
2024-12-05 15:15:00-05:00,25.545000076293945,25.569499969482425,25.53499984741211,25.545000076293945,6367,DownTrend,False,False,25.547999954223634
2024-12-05 15:16:00-05:00,25.545000076293945,25.549999237060547,25.40999984741211,25.489999771118164,23507,DownTrend,False,False,25.53400001525879
2024-12-05 15:17:00-05:00,25.420000076293945,25.420000076293945,25.21999931335449,25.21999931335449,16858,DownTrend,False,False,25.4689998626709
2024-12-05 15:18:00-05:00,25.239999771118164,25.249500274658203,25.1299991607666,25.1299991607666,19669,DownTrend,False,False,25.380999755859374
2024-12-05 15:19:00-05:00,25.13999938964844,25.18000030517578,25.13999938964844,25.149999618530277,4764,DownTrend,False,False,25.306999588012694
2024-12-05 15:20:00-05:00,25.110300064086918,25.15999984741211,25.059999465942383,25.084999084472656,17006,DownTrend,False,False,25.214999389648437
2024-12-05 15:21:00-05:00,25.059999465942383,25.10950088500977,25.040000915527344,25.05500030517578,13492,DownTrend,False,False,25.12799949645996
2024-12-05 15:22:00-05:00,25.020099639892575,25.030000686645508,24.940000534057617,25.00749969482422,49614,DownTrend,False,False,25.085499572753907
2024-12-05 15:23:00-05:00,25.01000022888184,25.049999237060547,24.96999931335449,25.049999237060547,14691,DownTrend,False,False,25.069499588012697
2024-12-05 15:24:00-05:00,25.049999237060547,25.102500915527344,25.012500762939453,25.040000915527344,11368,DownTrend,False,False,25.04749984741211
2024-12-05 15:25:00-05:00,25.059999465942383,25.07999992370605,24.979999542236328,24.989999771118164,13717,DownTrend,False,False,25.02849998474121
2024-12-05 15:26:00-05:00,24.95709991455078,24.989999771118164,24.94499969482422,24.96999931335449,6302,DownTrend,False,False,25.01149978637695
2024-12-05 15:27:00-05:00,24.979999542236328,25.016599655151367,24.950000762939453,25.0,5882,DownTrend,False,False,25.00999984741211
2024-12-05 15:28:00-05:00,24.97459983825684,25.020000457763672,24.940000534057617,24.950000762939453,14320,DownTrend,False,False,24.99000015258789
2024-12-05 15:29:00-05:00,24.93000030517578,24.989999771118164,24.899999618530277,24.98500061035156,14510,DownTrend,False,False,24.97900009155273
2024-12-05 15:30:00-05:00,25.0,25.13940048217773,25.0,25.11000061035156,7958,DownTrend,False,False,25.00300025939941
2024-12-05 15:31:00-05:00,25.1299991607666,25.2189998626709,25.1299991607666,25.2189998626709,10561,DownTrend,False,False,25.052800369262695
2024-12-05 15:32:00-05:00,25.209999084472656,25.239999771118164,25.102500915527344,25.13500022888184,45104,DownTrend,False,False,25.079800415039063
2024-12-05 15:33:00-05:00,25.16670036315918,25.190000534057617,25.131999969482425,25.190000534057617,5627,DownTrend,False,False,25.127800369262694
2024-12-05 15:34:00-05:00,25.190000534057617,25.229999542236328,25.100000381469727,25.11000061035156,7959,DownTrend,False,False,25.152800369262696
2024-12-05 15:35:00-05:00,25.13500022888184,25.170000076293945,25.11000061035156,25.13999938964844,5058,DownTrend,False,False,25.15880012512207
2024-12-05 15:36:00-05:00,25.1299991607666,25.15999984741211,25.11000061035156,25.11000061035156,2789,DownTrend,False,False,25.137000274658202
2024-12-05 15:37:00-05:00,25.11000061035156,25.114999771118164,25.049999237060547,25.049999237060547,4417,DownTrend,False,False,25.120000076293945
2024-12-05 15:38:00-05:00,25.059999465942383,25.099000930786133,25.02039909362793,25.07999992370605,6435,DownTrend,False,False,25.09799995422363
2024-12-05 15:39:00-05:00,25.11000061035156,25.13999938964844,25.07250022888184,25.09499931335449,3988,DownTrend,False,False,25.094999694824217
2024-12-05 15:40:00-05:00,25.09499931335449,25.13999938964844,25.0,25.100000381469727,21770,DownTrend,False,False,25.086999893188477
2024-12-05 15:41:00-05:00,25.13999938964844,25.25,25.13999938964844,25.170499801635746,42414,DownTrend,False,False,25.099099731445314
2024-12-05 15:42:00-05:00,25.170000076293945,25.26000022888184,25.149999618530277,25.25,11022,DownTrend,False,False,25.139099884033204
2024-12-05 15:43:00-05:00,25.239999771118164,25.309999465942383,25.229999542236328,25.309999465942383,17107,DownTrend,False,False,25.185099792480468
2024-12-05 15:44:00-05:00,25.32999992370605,25.420000076293945,25.290000915527344,25.393299102783203,35030,DownTrend,False,False,25.24475975036621
2024-12-05 15:45:00-05:00,25.3799991607666,25.3799991607666,25.202999114990234,25.277999877929688,10725,DownTrend,False,False,25.2803596496582
2024-12-05 15:46:00-05:00,25.229999542236328,25.290000915527344,25.21999931335449,25.26000022888184,6019,DownTrend,False,False,25.298259735107422
2024-12-05 15:47:00-05:00,25.289499282836918,25.299999237060547,25.270000457763672,25.270000457763672,4484,DownTrend,False,False,25.302259826660155
2024-12-05 15:48:00-05:00,25.31999969482422,25.399999618530277,25.31999969482422,25.399999618530277,3681,DownTrend,False,False,25.320259857177735
2024-12-05 15:49:00-05:00,25.350000381469727,25.350000381469727,25.270000457763672,25.270000457763672,5685,DownTrend,False,False,25.295600128173827
2024-12-05 15:50:00-05:00,25.32990074157715,25.3754997253418,25.28499984741211,25.350000381469727,5163,DownTrend,False,False,25.310000228881837
2024-12-05 15:51:00-05:00,25.36669921875,25.36669921875,25.290000915527344,25.290000915527344,2872,DownTrend,False,False,25.316000366210936
2024-12-05 15:52:00-05:00,25.31430053710937,25.31430053710937,25.25,25.280000686645508,7085,DownTrend,False,False,25.318000411987306
2024-12-05 15:53:00-05:00,25.25,25.270000457763672,25.229999542236328,25.25,9041,DownTrend,False,False,25.28800048828125
2024-12-05 15:54:00-05:00,25.229999542236328,25.229999542236328,25.190000534057617,25.200000762939453,6278,DownTrend,False,False,25.274000549316405
2024-12-05 15:55:00-05:00,25.229999542236328,25.26000022888184,25.209999084472656,25.26000022888184,6319,DownTrend,False,False,25.256000518798828
2024-12-05 15:56:00-05:00,25.280000686645508,25.280000686645508,25.209999084472656,25.267000198364254,8515,DownTrend,False,False,25.25140037536621
2024-12-05 15:57:00-05:00,25.25,25.34000015258789,25.25,25.34000015258789,15705,DownTrend,False,False,25.263400268554687
2024-12-05 15:58:00-05:00,25.31010055541992,25.450000762939453,25.309999465942383,25.449499130249023,11864,DownTrend,False,False,25.30330009460449
2024-12-05 15:59:00-05:00,25.440000534057617,25.459999084472656,25.3799991607666,25.420000076293945,14035,DownTrend,False,False,25.34729995727539
