Datetime,Open,High,Low,Close,Volume,Price_Change,Pct_Change,Volume_MA,Trend
2024-12-05 09:30:00-05:00,26.5,26.68000030517578,26.100000381469727,26.258399963378903,0,,,,None
2024-12-05 09:31:00-05:00,26.3700008392334,26.504100799560547,26.280000686645508,26.34000015258789,5495,0.08160018920898793,0.31075842139198784,,Down
2024-12-05 09:32:00-05:00,26.299999237060547,26.438100814819336,26.049999237060547,26.1299991607666,15933,-0.21000099182128906,-0.7972702756444572,,Down
2024-12-05 09:33:00-05:00,26.05010032653809,26.28350067138672,25.8799991607666,26.18280029296875,38558,0.05280113220214844,0.20207092957518213,,Down
2024-12-05 09:34:00-05:00,26.1200008392334,26.24250030517578,25.979999542236328,25.979999542236328,17888,-0.20280075073242188,-0.7745571461540091,15574.8,Down
2024-12-05 09:35:00-05:00,26.0,26.0,25.650999069213867,25.739999771118164,50637,-0.23999977111816406,-0.9237866641529036,25702.2,Down
2024-12-05 09:36:00-05:00,25.77449989318848,25.899999618530277,25.6875,25.75,48163,0.010000228881835938,0.03885092840232307,34235.8,Down
2024-12-05 09:37:00-05:00,25.700000762939453,25.75,25.56049919128418,25.600000381469727,60527,-0.14999961853027344,-0.5825227904088237,43154.6,Down
2024-12-05 09:38:00-05:00,25.614999771118164,25.75,25.5,25.67779922485352,61940,0.07779884338379262,0.30390172743945953,47831.0,Down
2024-12-05 09:39:00-05:00,25.61750030517578,25.72590065002441,25.530000686645508,25.72590065002441,18374,0.04810142517089133,0.18732689959011228,47928.2,Down
2024-12-05 09:40:00-05:00,25.65010070800781,25.79990005493164,25.65010070800781,25.739999771118164,16914,0.014099121093753553,0.05480516031510785,41183.6,Down
2024-12-05 09:41:00-05:00,25.767000198364254,25.894800186157227,25.709999084472656,25.82999992370605,22962,0.09000015258788707,0.3496509455640062,36143.4,Down
2024-12-05 09:42:00-05:00,25.83650016784668,25.940000534057617,25.82999992370605,25.90999984741211,24017,0.07999992370605824,0.3097170884334144,28841.4,Up
2024-12-05 09:43:00-05:00,25.950000762939453,26.06999969482422,25.89739990234375,26.049999237060547,22357,0.1399993896484375,0.5403295657001816,20924.8,Up
2024-12-05 09:44:00-05:00,26.0049991607666,26.09000015258789,25.93000030517578,26.05500030517578,13014,0.005001068115234375,0.01919795877813879,19852.8,Up
2024-12-05 09:45:00-05:00,26.01000022888184,26.109100341796875,26.01000022888184,26.040000915527344,11179,-0.0149993896484375,-0.057568180666867086,18705.8,Up
2024-12-05 09:46:00-05:00,26.049999237060547,26.14249992370605,26.016300201416016,26.14249992370605,20566,0.10249900817870738,0.3936213693356283,18226.6,Up
2024-12-05 09:47:00-05:00,26.090700149536133,26.149999618530277,26.049999237060547,26.11750030517578,15756,-0.024999618530269885,-0.0956282628028271,16574.4,Up
2024-12-05 09:48:00-05:00,26.06399917602539,26.07999992370605,25.9552001953125,25.9552001953125,11175,-0.16230010986328125,-0.6214228313079273,14338.0,Up
2024-12-05 09:49:00-05:00,25.989999771118164,26.100000381469727,25.914600372314453,26.005800247192383,12184,0.05060005187988281,0.19495149911816778,14172.0,Up
2024-12-05 09:50:00-05:00,26.00690078735352,26.18000030517578,26.00690078735352,26.149999618530277,5879,0.14419937133789418,0.554489267652758,13112.0,Up
2024-12-05 09:51:00-05:00,26.209999084472656,26.3799991607666,26.209999084472656,26.3799991607666,11071,0.22999954223632457,0.8795393712868194,11213.0,Up
2024-12-05 09:52:00-05:00,26.38999938964844,26.489999771118164,26.25,26.290000915527344,16689,-0.08999824523925781,-0.3411609101682922,11399.6,Up
2024-12-05 09:53:00-05:00,26.290000915527344,26.32999992370605,26.170000076293945,26.309999465942383,7780,0.019998550415039062,0.07606903658656794,10720.6,Up
2024-12-05 09:54:00-05:00,26.309999465942383,26.42180061340332,26.27589988708496,26.38500022888184,6288,0.07500076293945668,0.285065619391367,9541.4,Up
2024-12-05 09:55:00-05:00,26.399999618530277,26.489999771118164,26.299999237060547,26.35169982910156,19491,-0.03330039978028054,-0.12620958685393147,12263.8,Up
2024-12-05 09:56:00-05:00,26.290000915527344,26.38599967956543,26.26000022888184,26.38139915466309,11613,0.029699325561530543,0.11270364247519815,12372.2,Up
2024-12-05 09:57:00-05:00,26.309999465942383,26.309999465942383,26.110700607299805,26.20499992370605,8968,-0.17639923095703836,-0.6686500208835877,10828.0,Up
2024-12-05 09:58:00-05:00,26.21999931335449,26.21999931335449,26.114200592041016,26.114200592041016,7228,-0.09079933166503551,-0.3464962103773783,10717.6,Up
2024-12-05 09:59:00-05:00,26.16160011291504,26.190000534057617,26.059999465942383,26.09499931335449,18394,-0.01920127868652699,-0.07352811210457055,13138.8,Up
2024-12-05 10:00:00-05:00,26.145000457763672,26.57999992370605,26.11000061035156,26.57999992370605,23519,0.4850006103515625,1.8585959881721736,13944.4,Up
2024-12-05 10:01:00-05:00,26.56529998779297,26.56529998779297,26.395000457763672,26.540000915527344,12240,-0.039999008178707385,-0.15048535851587275,14069.8,Up
2024-12-05 10:02:00-05:00,26.5049991607666,26.556100845336918,26.5,26.5,14258,-0.04000091552734375,-0.15071934494147454,15127.8,Up
2024-12-05 10:03:00-05:00,26.549999237060547,26.549999237060547,26.433300018310547,26.46500015258789,12023,-0.034999847412109375,-0.13207489589475152,16086.8,Up
2024-12-05 10:04:00-05:00,26.4783992767334,26.6200008392334,26.399999618530277,26.6200008392334,21676,0.1550006866455078,0.585681790107051,16743.2,Up
2024-12-05 10:05:00-05:00,26.61370086669922,26.6200008392334,26.54540061950684,26.54829978942871,10957,-0.0717010498046875,-0.269350291300563,14230.8,Up
2024-12-05 10:06:00-05:00,26.530000686645508,26.769899368286133,26.530000686645508,26.72369956970215,12811,0.1753997802734375,0.660681782504513,14345.0,Up
2024-12-05 10:07:00-05:00,26.790000915527344,26.920000076293945,26.790000915527344,26.840599060058597,18576,0.11689949035644887,0.4374375263856978,15208.6,Up
2024-12-05 10:08:00-05:00,26.88999938964844,27.01499938964844,26.82999992370605,27.01499938964844,41641,0.17440032958984375,0.6497631785326696,21132.2,Up
2024-12-05 10:09:00-05:00,27.018199920654297,27.09000015258789,26.899999618530277,27.030000686645508,13218,0.01500129699706676,0.055529510775476076,19440.6,Up
2024-12-05 10:10:00-05:00,27.11000061035156,27.270000457763672,27.11000061035156,27.22050094604492,44474,0.1905002593994105,0.704773416796578,26144.0,Up
2024-12-05 10:11:00-05:00,27.229999542236328,27.34000015258789,27.11000061035156,27.11000061035156,58312,-0.11050033569335938,-0.40594526865022074,35244.2,Up
2024-12-05 10:12:00-05:00,27.100000381469727,27.239999771118164,27.053300857543945,27.11009979248047,13963,9.918212890980271e-05,0.0003658507070403161,34321.6,Up
2024-12-05 10:13:00-05:00,27.1200008392334,27.2450008392334,27.020000457763672,27.200000762939453,19051,0.08990097045898438,0.3316143103387681,29803.6,Up
2024-12-05 10:14:00-05:00,27.13999938964844,27.13999938964844,27.030000686645508,27.051000595092773,10522,-0.1490001678466797,-0.5477947193652133,29264.4,Up
2024-12-05 10:15:00-05:00,27.09000015258789,27.09000015258789,26.850000381469727,26.86000061035156,14765,-0.1909999847412145,-0.7060736406765744,23322.6,Down
2024-12-05 10:16:00-05:00,26.8799991607666,26.989999771118164,26.770000457763672,26.770000457763672,20011,-0.09000015258788707,-0.33507129762759824,15662.4,Down
2024-12-05 10:17:00-05:00,26.76000022888184,26.774999618530277,26.649999618530277,26.75,16456,-0.020000457763671875,-0.07471220553479929,16161.0,Down
2024-12-05 10:18:00-05:00,26.700000762939453,26.75,26.65999984741211,26.74850082397461,5933,-0.001499176025390625,-0.005604396356595487,13537.4,Down
2024-12-05 10:19:00-05:00,26.729999542236328,26.75,26.51959991455078,26.530000686645508,18865,-0.21850013732910156,-0.8168687238473638,15206.0,Down
2024-12-05 10:20:00-05:00,26.5,26.61000061035156,26.5,26.61000061035156,6817,0.07999992370605113,0.30154512489823926,13616.4,Down
2024-12-05 10:21:00-05:00,26.61000061035156,26.63500022888184,26.51000022888184,26.520000457763672,5806,-0.09000015258788707,-0.33821928043427096,10775.4,Down
2024-12-05 10:22:00-05:00,26.520000457763672,26.559999465942383,26.34000015258789,26.34000015258789,19486,-0.18000030517578125,-0.6787341706967709,11381.4,Down
2024-12-05 10:23:00-05:00,26.299999237060547,26.32999992370605,26.149999618530277,26.290000915527344,25466,-0.049999237060546875,-0.1898224630634049,15288.0,Down
2024-12-05 10:24:00-05:00,26.229999542236328,26.319900512695312,26.11000061035156,26.18000030517578,15584,-0.1100006103515625,-0.41841234888125856,14631.8,Down
2024-12-05 10:25:00-05:00,26.200000762939453,26.34000015258789,26.200000762939453,26.309999465942383,8360,0.12999916076660156,0.4965590498518857,14940.4,Down
2024-12-05 10:26:00-05:00,26.354999542236328,26.5,26.239999771118164,26.280000686645508,16549,-0.029998779296875,-0.11402044814067258,17089.0,Down
2024-12-05 10:27:00-05:00,26.280000686645508,26.440000534057617,26.239999771118164,26.309999465942383,6781,0.029998779296875,0.11415060316994907,14548.0,Down
2024-12-05 10:28:00-05:00,26.290000915527344,26.37540054321289,26.149999618530277,26.15999984741211,24909,-0.14999961853027344,-0.5701239892628829,14436.6,Down
2024-12-05 10:29:00-05:00,26.15999984741211,26.200000762939453,26.1200008392334,26.161399841308597,11126,0.0013999938964879277,0.005351658656937985,13545.0,Down
2024-12-05 10:30:00-05:00,26.15719985961914,26.299999237060547,26.11000061035156,26.2362003326416,10150,0.07480049133300426,0.2859193001396365,13903.0,Down
2024-12-05 10:31:00-05:00,26.25,26.25,26.208799362182617,26.208799362182617,4311,-0.027400970458984375,-0.10443955340931899,11455.4,Down
2024-12-05 10:32:00-05:00,26.21500015258789,26.229999542236328,26.100000381469727,26.125099182128903,4748,-0.08370018005371449,-0.31935907821282195,11048.8,Down
2024-12-05 10:33:00-05:00,26.1299991607666,26.17180061340332,26.06999969482422,26.06999969482422,17236,-0.05509948730468395,-0.21090632774468654,9514.2,Down
2024-12-05 10:34:00-05:00,26.09000015258789,26.11000061035156,25.920000076293945,25.959999084472656,19988,-0.1100006103515625,-0.42194327441208435,11286.6,Down
2024-12-05 10:35:00-05:00,25.940000534057617,26.04010009765625,25.81999969482422,26.0,30200,0.04000091552734375,0.15408673704950804,15296.6,Down
2024-12-05 10:36:00-05:00,25.96999931335449,25.96999931335449,25.899999618530277,25.924999237060547,6194,-0.07500076293945312,-0.2884644728440522,15673.2,Down
2024-12-05 10:37:00-05:00,25.96999931335449,26.06999969482422,25.950000762939453,25.950000762939453,7505,0.02500152587890625,0.09643790401030472,16224.6,Down
2024-12-05 10:38:00-05:00,25.950000762939453,25.950000762939453,25.850000381469727,25.88999938964844,9773,-0.06000137329101207,-0.23121915810000448,14732.0,Down
2024-12-05 10:39:00-05:00,25.86000061035156,25.93000030517578,25.790000915527344,25.897499084472656,32124,0.007499694824215197,0.028967535732005167,17159.2,Down
2024-12-05 10:40:00-05:00,25.899999618530277,26.0,25.81999969482422,25.81999969482422,20174,-0.0774993896484375,-0.29925433879020025,15154.0,Down
2024-12-05 10:41:00-05:00,25.799999237060547,25.899999618530277,25.799999237060547,25.8085994720459,4397,-0.011400222778320312,-0.044152683629217204,14794.6,Down
2024-12-05 10:42:00-05:00,25.81999969482422,25.92989921569824,25.65999984741211,25.65999984741211,21075,-0.14859962463378906,-0.5757756239145873,17508.6,Down
2024-12-05 10:43:00-05:00,25.65999984741211,25.809999465942383,25.649999618530277,25.670000076293945,31857,0.010000228881835938,0.03897205355145594,21925.4,Down
2024-12-05 10:44:00-05:00,25.729999542236328,25.770000457763672,25.655799865722656,25.65999984741211,12459,-0.010000228881835938,-0.038956871258721826,17992.4,Down
2024-12-05 10:45:00-05:00,25.670000076293945,25.806100845336918,25.65999984741211,25.806100845336918,4530,0.14610099792480824,0.5693725596009447,14863.6,Down
2024-12-05 10:46:00-05:00,25.78219985961914,25.809999465942383,25.700000762939453,25.75,10320,-0.056100845336917615,-0.21739373054900923,16048.2,Down
2024-12-05 10:47:00-05:00,25.75,25.81999969482422,25.703399658203125,25.770000457763672,15206,0.020000457763671875,0.07767168063561591,14874.4,Down
2024-12-05 10:48:00-05:00,25.790000915527344,25.899900436401367,25.700000762939453,25.75489997863769,16805,-0.015100479125980115,-0.058597124011428026,11864.0,Down
2024-12-05 10:49:00-05:00,25.780000686645508,25.799999237060547,25.57999992370605,25.57999992370605,44219,-0.17490005493164062,-0.6790942891516161,18216.0,Down
2024-12-05 10:50:00-05:00,25.649999618530277,25.670000076293945,25.571199417114254,25.6299991607666,19532,0.04999923706055043,0.19546222521373835,21216.4,Down
2024-12-05 10:51:00-05:00,25.65719985961914,25.763999938964844,25.63999938964844,25.70009994506836,5814,0.07010078430175781,0.27351067732013234,20315.2,Down
2024-12-05 10:52:00-05:00,25.725000381469727,25.75,25.63999938964844,25.75,10734,0.049900054931640625,0.19416288278371052,19420.8,Down
2024-12-05 10:53:00-05:00,25.700000762939453,25.709999084472656,25.63999938964844,25.670000076293945,4039,-0.07999992370605469,-0.31067931536331583,16867.6,Down
2024-12-05 10:54:00-05:00,25.68989944458008,25.729999542236328,25.6200008392334,25.6200008392334,6418,-0.049999237060546875,-0.19477692603017127,9307.4,Down
2024-12-05 10:55:00-05:00,25.61009979248047,25.61009979248047,25.549999237060547,25.56999969482422,23598,-0.05000114440917969,-0.1951644916912354,10120.6,Down
2024-12-05 10:56:00-05:00,25.552000045776367,25.61000061035156,25.51000022888184,25.56999969482422,13955,0.0,0.0,11748.8,Down
2024-12-05 10:57:00-05:00,25.57999992370605,25.57999992370605,25.40999984741211,25.43000030517578,85856,-0.1399993896484375,-0.5475142405917843,26773.2,Down
2024-12-05 10:58:00-05:00,25.399999618530277,25.420000076293945,25.26000022888184,25.34000015258789,42742,-0.09000015258789062,-0.35391329731747634,34513.8,Down
2024-12-05 10:59:00-05:00,25.316200256347656,25.350000381469727,25.290000915527344,25.350000381469727,9149,0.010000228881835938,0.03946420213740698,35060.0,Down
2024-12-05 11:00:00-05:00,25.399999618530277,25.5,25.350099563598636,25.44499969482422,10095,0.09499931335449219,0.37475073737645026,32359.4,Down
2024-12-05 11:01:00-05:00,25.40999984741211,25.45800018310547,25.40999984741211,25.440000534057617,4432,-0.0049991607666015625,-0.019646927988048457,30454.8,Down
2024-12-05 11:02:00-05:00,25.399999618530277,25.479999542236328,25.36000061035156,25.479999542236328,9956,0.03999900817871094,0.15722880243325132,15274.8,Down
2024-12-05 11:03:00-05:00,25.459999084472656,25.5,25.4060001373291,25.4060001373291,4881,-0.07399940490722656,-0.2904215315410963,7702.6,Down
2024-12-05 11:04:00-05:00,25.40999984741211,25.459999084472656,25.40999984741211,25.413799285888672,4248,0.0077991485595703125,0.03069805761399813,6722.4,Down
2024-12-05 11:05:00-05:00,25.440000534057617,25.440000534057617,25.38999938964844,25.434999465942383,12874,0.021200180053710938,0.083419955494346,7278.2,Down
2024-12-05 11:06:00-05:00,25.40999984741211,25.5,25.299999237060547,25.475000381469727,32130,0.04000091552734375,0.15726721591209358,12817.8,Down
2024-12-05 11:07:00-05:00,25.51959991455078,25.559999465942383,25.440000534057617,25.459999084472656,9827,-0.015001296997070312,-0.05888634650612623,12792.0,Down
2024-12-05 11:08:00-05:00,25.440000534057617,25.46999931335449,25.32999992370605,25.38999938964844,63219,-0.0699996948242152,-0.2749398952920812,24459.6,Down
2024-12-05 11:09:00-05:00,25.3700008392334,25.420000076293945,25.32999992370605,25.344200134277344,12845,-0.0457992553710973,-0.1803830503035342,26179.0,Down
2024-12-05 11:10:00-05:00,25.33530044555664,25.33530044555664,25.15999984741211,25.1648006439209,42719,-0.1793994903564453,-0.7078522478750959,32148.0,Down
2024-12-05 11:11:00-05:00,25.18000030517578,25.209999084472656,25.1200008392334,25.184999465942383,39150,0.020198822021484375,0.08026617141656534,33552.0,Down
2024-12-05 11:12:00-05:00,25.229999542236328,25.229999542236328,25.131999969482425,25.18000030517578,9559,-0.0049991607666015625,-0.019849755301215577,33498.4,Down
2024-12-05 11:13:00-05:00,25.18000030517578,25.191499710083008,24.770000457763672,24.98500061035156,114837,-0.1949996948242223,-0.7744229247850343,43822.0,Down
2024-12-05 11:14:00-05:00,25.01000022888184,25.1200008392334,24.989999771118164,25.07999992370605,9433,0.09499931335449219,0.3802253793627308,43139.6,Down
2024-12-05 11:15:00-05:00,25.07999992370605,25.114999771118164,25.040000915527344,25.114999771118164,16256,0.03499984741211293,0.1395528210469843,37847.0,Down
2024-12-05 11:16:00-05:00,25.13990020751953,25.13990020751953,24.899999618530277,24.916200637817383,26822,-0.19879913330078125,-0.7915553856759239,35381.4,Down
2024-12-05 11:17:00-05:00,24.909799575805664,24.959999084472656,24.770000457763672,24.87150001525879,57135,-0.04470062255859375,-0.1794038473536319,44896.6,Down
2024-12-05 11:18:00-05:00,24.979999542236328,25.06999969482422,24.906700134277344,25.01499938964844,6629,0.143499374389652,0.5769630874760789,23255.0,Down
2024-12-05 11:19:00-05:00,25.100000381469727,25.149999618530277,25.00040054321289,25.030000686645508,14814,0.01500129699706676,0.05996920792761262,24331.2,Down
2024-12-05 11:20:00-05:00,25.030000686645508,25.1200008392334,25.020000457763672,25.1200008392334,14634,0.09000015258789062,0.3595691175346527,24006.8,Down
2024-12-05 11:21:00-05:00,25.059999465942383,25.290000915527344,25.059999465942383,25.209999084472656,20879,0.08999824523925781,0.35827325729502757,22818.2,Up
2024-12-05 11:22:00-05:00,25.209999084472656,25.269899368286133,25.06940078735352,25.11000061035156,12617,-0.0999984741210973,-0.39666195062533216,13914.6,Up
2024-12-05 11:23:00-05:00,25.149999618530277,25.239999771118164,25.11000061035156,25.190000534057617,10544,0.07999992370605824,0.31859785647745387,14697.6,Up
2024-12-05 11:24:00-05:00,25.229999542236328,25.2455997467041,25.100000381469727,25.114999771118164,11425,-0.07500076293945312,-0.29774021972747144,14019.8,Up
2024-12-05 11:25:00-05:00,25.128999710083008,25.16990089416504,25.100000381469727,25.161699295043945,18149,0.04669952392578125,0.18594276070622584,14722.8,Up
2024-12-05 11:26:00-05:00,25.1299991607666,25.16990089416504,24.940000534057617,24.94610023498535,19122,-0.21559906005859375,-0.8568541318712097,14371.4,Up
2024-12-05 11:27:00-05:00,24.950000762939453,25.1200008392334,24.940000534057617,25.040000915527344,13722,0.09390068054199219,0.3764142677912474,14592.4,Up
2024-12-05 11:28:00-05:00,25.02910041809082,25.11989974975586,25.02910041809082,25.049999237060547,3434,0.009998321533203125,0.03992939763433068,13170.4,Up
2024-12-05 11:29:00-05:00,25.049999237060547,25.11000061035156,25.049999237060547,25.100000381469727,4255,0.05000114440917969,0.19960537298222558,11736.4,Up
2024-12-05 11:30:00-05:00,25.06999969482422,25.1200008392334,25.06130027770996,25.08989906311035,9313,-0.010101318359375,-0.04024429564085663,9969.2,Up
2024-12-05 11:31:00-05:00,25.1200008392334,25.199899673461918,25.06999969482422,25.190000534057617,27721,0.10010147094726562,0.398971198311604,11689.0,Up
2024-12-05 11:32:00-05:00,25.1299991607666,25.18000030517578,25.09000015258789,25.13999938964844,4080,-0.050001144409176135,-0.19849600376773413,9760.6,Up
2024-12-05 11:33:00-05:00,25.19930076599121,25.19930076599121,25.1200008392334,25.1200008392334,9262,-0.019998550415042615,-0.07954873071029933,10926.2,Up
2024-12-05 11:34:00-05:00,25.11000061035156,25.148700714111328,24.979999542236328,25.0664005279541,27096,-0.053600311279296875,-0.21337702821880855,15494.4,Up
2024-12-05 11:35:00-05:00,25.049999237060547,25.06999969482422,25.00349998474121,25.020000457763672,12660,-0.04640007019042969,-0.18510862833570618,16163.8,Up
2024-12-05 11:36:00-05:00,25.030000686645508,25.040000915527344,24.979999542236328,25.020000457763672,8637,0.0,0.0,12347.0,Up
2024-12-05 11:37:00-05:00,25.068700790405277,25.068700790405277,24.96999931335449,25.0,12015,-0.020000457763671875,-0.07993787928755047,13934.0,Up
2024-12-05 11:38:00-05:00,24.99850082397461,25.059999465942383,24.96999931335449,25.0,6043,0.0,0.0,13290.2,Up
2024-12-05 11:39:00-05:00,25.00200080871582,25.07999992370605,25.0,25.07999992370605,12080,0.07999992370605113,0.3199996948242134,10287.0,Up
2024-12-05 11:40:00-05:00,25.1200008392334,25.143999099731445,25.07999992370605,25.11000061035156,4022,0.030000686645507812,0.11961996306526501,8559.4,Up
2024-12-05 11:41:00-05:00,25.11000061035156,25.190000534057617,25.11000061035156,25.15999984741211,3998,0.04999923706055043,0.19912081180888386,7631.6,Up
2024-12-05 11:42:00-05:00,25.18000030517578,25.280000686645508,25.15999984741211,25.229999542236328,9926,0.06999969482421875,0.2782181846134657,7213.8,Up
2024-12-05 11:43:00-05:00,25.22649955749512,25.36000061035156,25.200000762939453,25.3435001373291,7137,0.11350059509277344,0.44986364309189675,7432.6,Up
2024-12-05 11:44:00-05:00,25.290000915527344,25.35169982910156,25.270000457763672,25.35169982910156,9551,0.008199691772457385,0.032354219930263994,6926.8,Up
2024-12-05 11:45:00-05:00,25.290000915527344,25.33679962158203,25.200000762939453,25.25760078430176,12279,-0.09409904479979758,-0.37117449888618426,8578.2,Up
2024-12-05 11:46:00-05:00,25.200000762939453,25.289899826049805,25.200000762939453,25.270000457763672,8565,0.01239967346191051,0.049092839687370216,9491.6,Up
2024-12-05 11:47:00-05:00,25.285400390625,25.285400390625,25.206100463867188,25.25,3461,-0.020000457763671875,-0.07914704155664865,8198.6,Up
2024-12-05 11:48:00-05:00,25.26300048828125,25.3031005859375,25.247800827026367,25.280000686645508,3724,0.030000686645507812,0.11881460057627802,7516.0,Up
2024-12-05 11:49:00-05:00,25.25,25.34000015258789,25.25,25.34000015258789,12464,0.05999946594238281,0.23733965313568195,8098.6,Up
2024-12-05 11:50:00-05:00,25.280000686645508,25.34000015258789,25.280000686645508,25.290000915527344,4324,-0.049999237060546875,-0.19731348366009982,6507.6,Up
2024-12-05 11:51:00-05:00,25.280000686645508,25.399999618530277,25.280000686645508,25.395000457763672,13663,0.10499954223632812,0.41518204205308606,7527.2,Up
2024-12-05 11:52:00-05:00,25.330299377441406,25.5,25.299999237060547,25.40999984741211,29495,0.0149993896484375,0.05906434092561863,12734.0,Up
2024-12-05 11:53:00-05:00,25.43000030517578,25.502899169921875,25.40139961242676,25.502899169921875,9204,0.09289932250976562,0.36560142883756974,13830.0,Up
2024-12-05 11:54:00-05:00,25.5,25.516700744628903,25.420000076293945,25.440000534057617,5072,-0.06289863586425781,-0.2466332766528745,12351.6,Up
2024-12-05 11:55:00-05:00,25.46999931335449,25.549999237060547,25.440000534057617,25.459999084472656,7351,0.019998550415039062,0.07861065249690213,12957.0,Up
2024-12-05 11:56:00-05:00,25.48500061035156,25.4960994720459,25.420000076293945,25.4960994720459,2844,0.03610038757324219,0.14179257215787278,10793.2,Up
2024-12-05 11:57:00-05:00,25.489999771118164,25.520000457763672,25.423999786376957,25.450000762939453,3632,-0.04609870910644531,-0.180806907962483,5620.6,Up
2024-12-05 11:58:00-05:00,25.450000762939453,25.709999084472656,25.450000762939453,25.6299991607666,21569,0.17999839782714844,0.7072628386293189,8093.6,Up
2024-12-05 11:59:00-05:00,25.450000762939453,25.549999237060547,25.440000534057617,25.538799285888672,10881,-0.09119987487792969,-0.3558325316589728,9255.4,Up
2024-12-05 12:00:00-05:00,25.4950008392334,25.530000686645508,25.479999542236328,25.479999542236328,3108,-0.05879974365234375,-0.2302369151897965,8406.8,Up
2024-12-05 12:01:00-05:00,25.40999984741211,25.45800018310547,25.3700008392334,25.38999938964844,4405,-0.09000015258788707,-0.3532188155604188,8719.0,Up
2024-12-05 12:02:00-05:00,25.415000915527344,25.489999771118164,25.415000915527344,25.417299270629883,1819,0.02729988098144176,0.1075221805344917,8356.4,Up
2024-12-05 12:03:00-05:00,25.450000762939453,25.57999992370605,25.440000534057617,25.565000534057617,6194,0.14770126342773438,0.5811052616373269,5281.4,Up
2024-12-05 12:04:00-05:00,25.559999465942383,25.600000381469727,25.530000686645508,25.56999969482422,11723,0.0049991607666015625,0.019554706286606383,5449.8,Up
2024-12-05 12:05:00-05:00,25.59000015258789,25.61000061035156,25.56999969482422,25.61000061035156,3143,0.0400009155273402,0.15643690263882348,5456.8,Up
2024-12-05 12:06:00-05:00,25.6299991607666,25.670000076293945,25.600000381469727,25.670000076293945,3547,0.059999465942386365,0.23428139208296894,5285.2,Up
2024-12-05 12:07:00-05:00,25.65999984741211,25.69580078125,25.645000457763672,25.69580078125,6484,0.025800704956054688,0.10050917366331014,6218.2,Up
2024-12-05 12:08:00-05:00,25.690000534057617,25.899999618530277,25.690000534057617,25.86000061035156,16071,0.16419982910155895,0.6390142517814557,8193.6,Up
2024-12-05 12:09:00-05:00,25.86000061035156,25.888999938964844,25.81599998474121,25.833999633789062,5874,-0.026000976562496447,-0.10054515061413971,7023.8,Up
2024-12-05 12:10:00-05:00,25.809999465942383,25.850000381469727,25.700000762939453,25.7007999420166,33199,-0.13319969177246094,-0.5155984116305579,13035.0,Up
2024-12-05 12:11:00-05:00,25.725000381469727,25.7450008392334,25.70009994506836,25.7450008392334,6447,0.044200897216796875,0.17198257375847792,13615.0,Up
2024-12-05 12:12:00-05:00,25.739999771118164,25.770000457763672,25.71999931335449,25.739999771118164,4537,-0.005001068115234375,-0.0194253950367429,13225.6,Up
2024-12-05 12:13:00-05:00,25.780000686645508,25.86000061035156,25.770000457763672,25.799999237060547,4395,0.05999946594238281,0.233098160357037,10890.4,Up
2024-12-05 12:14:00-05:00,25.799999237060547,25.86000061035156,25.71999931335449,25.81999969482422,18764,0.020000457763671875,0.07752115641515012,13468.4,Up
2024-12-05 12:15:00-05:00,25.81999969482422,25.81999969482422,25.71999931335449,25.71999931335449,2744,-0.10000038146973012,-0.38729815124581846,7377.4,Up
2024-12-05 12:16:00-05:00,25.72010040283203,25.797199249267575,25.700000762939453,25.700000762939453,7601,-0.01999855041503551,-0.0777548637205916,7608.2,Up
2024-12-05 12:17:00-05:00,25.71999931335449,25.739999771118164,25.71999931335449,25.739999771118164,2386,0.03999900817871094,0.1556381594991718,7178.0,Up
2024-12-05 12:18:00-05:00,25.72330093383789,25.84000015258789,25.72330093383789,25.84000015258789,9191,0.10000038146972656,0.3885018739663515,8137.2,Up
2024-12-05 12:19:00-05:00,25.87849998474121,25.93000030517578,25.850000381469727,25.86050033569336,6261,0.02050018310546875,0.07933507346908897,5636.6,Up
2024-12-05 12:20:00-05:00,25.86000061035156,25.887800216674805,25.80069923400879,25.882999420166016,11012,0.02249908447265625,0.08700173693700908,7290.2,Up
2024-12-05 12:21:00-05:00,25.85890007019043,25.920000076293945,25.85890007019043,25.920000076293945,4331,0.03700065612792969,0.1429535098590673,6636.2,Up
2024-12-05 12:22:00-05:00,25.8799991607666,25.909099578857425,25.850000381469727,25.8799991607666,8136,-0.04000091552734375,-0.15432451932717584,7786.2,Up
2024-12-05 12:23:00-05:00,25.86000061035156,25.864999771118164,25.850000381469727,25.850000381469727,1559,-0.029998779296875,-0.1159149160342765,6259.8,Up
2024-12-05 12:24:00-05:00,25.90800094604492,26.01499938964844,25.867000579833984,25.959999084472656,14207,0.10999870300292969,0.42552689121730936,7849.0,Up
2024-12-05 12:25:00-05:00,25.959999084472656,26.030000686645508,25.88999938964844,25.988399505615234,9001,0.028400421142578125,0.10940070163394378,7446.8,Up
2024-12-05 12:26:00-05:00,25.975000381469727,26.0,25.92040061950684,25.93000030517578,8805,-0.058399200439453125,-0.22471257003277012,8341.6,Up
2024-12-05 12:27:00-05:00,25.93000030517578,25.934999465942383,25.86000061035156,25.9143009185791,7802,-0.015699386596679688,-0.060545261904787484,8274.8,Up
2024-12-05 12:28:00-05:00,25.920000076293945,26.049999237060547,25.915000915527344,26.049999237060547,3442,0.1356983184814453,0.5236425976058445,8651.4,Up
2024-12-05 12:29:00-05:00,26.0,26.0,25.979999542236328,25.989900588989254,2747,-0.060098648071292615,-0.23070498975598097,6359.4,Up
2024-12-05 12:30:00-05:00,25.959999084472656,25.999900817871094,25.90369987487793,25.95389938354492,2304,-0.03600120544433594,-0.13851998133300736,5020.0,Up
2024-12-05 12:31:00-05:00,25.86000061035156,25.86000061035156,25.86000061035156,25.86000061035156,837,-0.09389877319335938,-0.36179061884200614,3426.4,Up
2024-12-05 12:32:00-05:00,25.940000534057617,25.96999931335449,25.93000030517578,25.96999931335449,4316,0.10999870300292969,0.42536233722632044,2729.2,Up
2024-12-05 12:33:00-05:00,25.989999771118164,26.040000915527344,25.989999771118164,25.989999771118164,11900,0.020000457763675428,0.07701370154982179,4420.8,Up
2024-12-05 12:34:00-05:00,26.03059959411621,26.0629997253418,26.03059959411621,26.049999237060547,3715,0.05999946594238281,0.23085596949121712,4614.4,Up
2024-12-05 12:35:00-05:00,26.049999237060547,26.049999237060547,26.049999237060547,26.049999237060547,3840,0.0,0.0,4921.6,Up
2024-12-05 12:36:00-05:00,26.040000915527344,26.049999237060547,26.040000915527344,26.049999237060547,1188,0.0,0.0,4991.8,Up
2024-12-05 12:37:00-05:00,26.06999969482422,26.190000534057617,26.03179931640625,26.149999618530277,14167,0.10000038146973012,0.38387863492703733,6962.0,Up
2024-12-05 12:38:00-05:00,26.149999618530277,26.202999114990234,26.149999618530277,26.202999114990234,11751,0.052999496459957385,0.20267494161798627,6932.2,Up
2024-12-05 12:39:00-05:00,26.200000762939453,26.21999931335449,26.149999618530277,26.149999618530277,13207,-0.052999496459957385,-0.20226500114499668,8830.6,Up
2024-12-05 12:40:00-05:00,26.1200008392334,26.1200008392334,26.061899185180664,26.07999992370605,7308,-0.06999969482422586,-0.2676852613589409,9524.2,Up
2024-12-05 12:41:00-05:00,26.1200008392334,26.155000686645508,26.091100692749023,26.149999618530277,2454,0.06999969482422586,0.26840373860812505,9777.4,Up
2024-12-05 12:42:00-05:00,26.1299991607666,26.1879997253418,26.12070083618164,26.15900039672852,1621,0.009000778198242188,0.03441980240743714,7268.2,Up
2024-12-05 12:43:00-05:00,26.100000381469727,26.149999618530277,26.100000381469727,26.149999618530277,1663,-0.009000778198242188,-0.03440795925584439,5250.6,Up
2024-12-05 12:44:00-05:00,26.15999984741211,26.20050048828125,26.110700607299805,26.15999984741211,8994,0.010000228881832385,0.03824179360503166,4408.0,Up
2024-12-05 12:45:00-05:00,26.149999618530277,26.149999618530277,26.1299991607666,26.1299991607666,3612,-0.030000686645507812,-0.11468152454319203,3668.8,Up
2024-12-05 12:46:00-05:00,26.15999984741211,26.200000762939453,26.131000518798828,26.200000762939453,14130,0.07000160217285156,0.2678974528172118,6004.0,Up
2024-12-05 12:47:00-05:00,26.192800521850582,26.239999771118164,26.1299991607666,26.1299991607666,5383,-0.07000160217285156,-0.26718167990235075,6756.4,Up
2024-12-05 12:48:00-05:00,26.14299964904785,26.194299697875977,26.14299964904785,26.174999237060547,6017,0.04500007629394531,0.17221614136717633,7627.2,Up
2024-12-05 12:49:00-05:00,26.152999877929688,26.209999084472656,26.152999877929688,26.190000534057617,2459,0.015001296997070312,0.05731154702701691,6320.2,Up
2024-12-05 12:50:00-05:00,26.202800750732425,26.239999771118164,26.200000762939453,26.221900939941406,4284,0.03190040588378906,0.12180376186821107,6454.6,Up
2024-12-05 12:51:00-05:00,26.21999931335449,26.2549991607666,26.21999931335449,26.2549991607666,4940,0.03309822082519531,0.12622357509854965,4616.6,Up
2024-12-05 12:52:00-05:00,26.21999931335449,26.225000381469727,26.21999931335449,26.225000381469727,1560,-0.029998779296875,-0.11425930396411488,3852.0,Up
2024-12-05 12:53:00-05:00,26.214399337768555,26.214399337768555,26.11280059814453,26.13999938964844,9046,-0.08500099182128551,-0.3241219850709576,4457.8,Up
2024-12-05 12:54:00-05:00,26.19070053100586,26.19070053100586,26.1299991607666,26.15999984741211,3706,0.020000457763668322,0.07651284709513373,4707.2,Up
2024-12-05 12:55:00-05:00,26.15999984741211,26.15999984741211,26.13999938964844,26.13999938964844,5680,-0.020000457763668322,-0.07645434969544285,4986.4,Up
2024-12-05 12:56:00-05:00,26.155000686645508,26.18000030517578,26.030000686645508,26.030000686645508,32352,-0.10999870300293324,-0.42080606568986045,10468.8,Up
2024-12-05 12:57:00-05:00,26.075000762939453,26.09000015258789,26.040000915527344,26.040000915527344,6740,0.010000228881835938,0.038418089197223004,11504.8,Up
2024-12-05 12:58:00-05:00,26.100000381469727,26.100000381469727,26.020000457763672,26.040000915527344,2450,0.0,0.0,10185.6,Up
2024-12-05 12:59:00-05:00,26.03499984741211,26.049999237060547,26.02179908752441,26.049999237060547,2897,0.009998321533203125,0.038396010682317794,10023.8,Up
2024-12-05 13:00:00-05:00,26.100000381469727,26.1200008392334,26.06999969482422,26.088600158691406,10572,0.038600921630859375,0.14818012576347517,11002.2,Up
2024-12-05 13:01:00-05:00,26.020000457763672,26.145000457763672,26.0,26.145000457763672,9231,0.056400299072265625,0.21618752531449292,6378.0,Up
2024-12-05 13:02:00-05:00,26.190000534057617,26.200000762939453,26.149999618530277,26.18000030517578,3549,0.034999847412109375,0.13386822260206266,5739.8,Up
2024-12-05 13:03:00-05:00,26.149999618530277,26.149999618530277,26.040000915527344,26.040000915527344,7913,-0.1399993896484375,-0.5347570206894137,6832.4,Up
2024-12-05 13:04:00-05:00,26.040000915527344,26.075000762939453,26.040000915527344,26.075000762939453,1200,0.034999847412109375,0.13440801144994907,6493.0,Up
2024-12-05 13:05:00-05:00,26.084199905395508,26.105600357055664,26.082000732421875,26.105600357055664,620,0.030599594116210938,0.11735222711748428,4502.6,Up
2024-12-05 13:06:00-05:00,26.049999237060547,26.07999992370605,26.040000915527344,26.07999992370605,1559,-0.025600433349612928,-0.09806490944267443,2968.2,Up
2024-12-05 13:07:00-05:00,26.040000915527344,26.13999938964844,26.040000915527344,26.059999465942383,6014,-0.020000457763668322,-0.07668887201754959,3461.2,Up
2024-12-05 13:08:00-05:00,26.059999465942383,26.059999465942383,26.059999465942383,26.059999465942383,960,0.0,0.0,2070.6,Up
2024-12-05 13:09:00-05:00,26.01000022888184,26.01000022888184,26.01000022888184,26.01000022888184,1624,-0.04999923706054332,-0.19186200339676995,2155.4,Up
2024-12-05 13:10:00-05:00,26.049999237060547,26.049999237060547,26.01000022888184,26.01000022888184,627,0.0,0.0,2156.8,Up
2024-12-05 13:11:00-05:00,26.08580017089844,26.08580017089844,26.01000022888184,26.01000022888184,1621,0.0,0.0,2169.2,Up
2024-12-05 13:12:00-05:00,26.01000022888184,26.05500030517578,26.01000022888184,26.01000022888184,3695,0.0,0.0,1705.4,Up
2024-12-05 13:13:00-05:00,26.000099182128903,26.03319931030273,25.959999084472656,25.989999771118164,5755,-0.020000457763675428,-0.07689526177498962,2664.4,Up
2024-12-05 13:14:00-05:00,26.040000915527344,26.065000534057617,26.00349998474121,26.00349998474121,7724,0.013500213623046875,0.05194387742184503,3884.4,Up
2024-12-05 13:15:00-05:00,26.01000022888184,26.06999969482422,25.989999771118164,26.020000457763672,2849,0.016500473022460938,0.06345481582150647,4328.8,Up
2024-12-05 13:16:00-05:00,26.059999465942383,26.06999969482422,26.01160049438477,26.020000457763672,3574,0.0,0.0,4719.4,Up
2024-12-05 13:17:00-05:00,26.04439926147461,26.059999465942383,26.0,26.059999465942383,1132,0.03999900817871094,0.15372408714457997,4206.8,Up
2024-12-05 13:18:00-05:00,26.010099411010746,26.010099411010746,25.959999084472656,25.979999542236328,14119,-0.07999992370605469,-0.3069835968746104,5879.6,Up
2024-12-05 13:19:00-05:00,25.98500061035156,25.99329948425293,25.8700008392334,25.8700008392334,7120,-0.10999870300292969,-0.42339763256770135,5758.8,Up
2024-12-05 13:20:00-05:00,25.8700008392334,25.871400833129883,25.660200119018555,25.69669914245605,46092,-0.1733016967773473,-0.6698944381730576,14407.4,Down
2024-12-05 13:21:00-05:00,25.690000534057617,25.746700286865234,25.65999984741211,25.670000076293945,5933,-0.026699066162105822,-0.10390076178303786,14879.2,Down
2024-12-05 13:22:00-05:00,25.700000762939453,25.729999542236328,25.700000762939453,25.729999542236328,3013,0.05999946594238281,0.233733797288882,15255.4,Down
2024-12-05 13:23:00-05:00,25.65999984741211,25.66519927978516,25.559999465942383,25.59000015258789,12768,-0.1399993896484375,-0.5441095691378628,14985.2,Down
2024-12-05 13:24:00-05:00,25.559999465942383,25.59000015258789,25.545000076293945,25.56010055541992,4324,-0.029899597167972303,-0.1168409417338312,14426.0,Down
2024-12-05 13:25:00-05:00,25.51000022888184,25.51799964904785,25.479999542236328,25.485700607299805,8815,-0.07439994812011363,-0.2910784641038444,6970.6,Down
2024-12-05 13:26:00-05:00,25.479999542236328,25.545000076293945,25.479999542236328,25.545000076293945,3562,0.059299468994140625,0.23267741353423244,6496.4,Down
2024-12-05 13:27:00-05:00,25.51000022888184,25.51000022888184,25.489999771118164,25.489999771118164,3585,-0.05500030517578125,-0.21530751619305288,6610.8,Down
2024-12-05 13:28:00-05:00,25.46999931335449,25.5,25.453500747680664,25.49810028076172,2228,0.008100509643554688,0.031779167188283886,4502.8,Down
2024-12-05 13:29:00-05:00,25.489999771118164,25.5,25.399999618530277,25.459999084472656,10131,-0.0381011962890625,-0.14942758821060442,5664.2,Down
2024-12-05 13:30:00-05:00,25.45499992370605,25.45499992370605,25.3700008392334,25.375,6838,-0.08499908447265625,-0.3338534466974741,5268.8,Down
2024-12-05 13:31:00-05:00,25.38999938964844,25.40999984741211,25.350000381469727,25.350000381469727,3440,-0.024999618530273438,-0.09852066415870775,5244.4,Down
2024-12-05 13:32:00-05:00,25.367000579833984,25.43000030517578,25.367000579833984,25.43000030517578,14642,0.07999992370605469,0.3155815483321778,7455.8,Down
2024-12-05 13:33:00-05:00,25.426300048828125,25.479999542236328,25.426300048828125,25.46999931335449,4295,0.039999008178707385,0.15729063192566617,7869.2,Down
2024-12-05 13:34:00-05:00,25.489999771118164,25.56599998474121,25.46619987487793,25.53580093383789,3197,0.06580162048340199,0.25834951808931805,6482.4,Down
2024-12-05 13:35:00-05:00,25.54450035095215,25.63999938964844,25.530000686645508,25.530000686645508,8243,-0.0058002471923828125,-0.022714177665350554,6763.4,Down
2024-12-05 13:36:00-05:00,25.582199096679688,25.6200008392334,25.575899124145508,25.614999771118164,1907,0.08499908447265625,0.33293804225049684,6456.8,Down
2024-12-05 13:37:00-05:00,25.63999938964844,25.66830062866211,25.56999969482422,25.56999969482422,13050,-0.04500007629394531,-0.1756786129066601,6138.4,Down
2024-12-05 13:38:00-05:00,25.65999984741211,25.748899459838867,25.6200008392334,25.748899459838867,3080,0.17889976501464844,0.6996471143910998,5895.4,Down
2024-12-05 13:39:00-05:00,25.632099151611328,25.68000030517578,25.6299991607666,25.670000076293945,1345,-0.07889938354492188,-0.30641846913878057,5525.0,Down
2024-12-05 13:40:00-05:00,25.63999938964844,25.729999542236328,25.63999938964844,25.709999084472656,11670,0.03999900817871094,0.15582005477143834,6210.4,Down
2024-12-05 13:41:00-05:00,25.71220016479492,25.71220016479492,25.700000762939453,25.700000762939453,1822,-0.009998321533203125,-0.03888884437667217,6193.4,Down
2024-12-05 13:42:00-05:00,25.68000030517578,25.69050025939941,25.65379905700684,25.69050025939941,1514,-0.009500503540042615,-0.036966938747107214,3886.2,Down
2024-12-05 13:43:00-05:00,25.69050025939941,25.700000762939453,25.656400680541992,25.700000762939453,924,0.009500503540042615,0.03698060934631542,3455.0,Down
2024-12-05 13:44:00-05:00,25.65999984741211,25.665000915527344,25.600000381469727,25.614999771118164,1603,-0.08500099182128906,-0.3307431490191415,3506.6,Down
2024-12-05 13:45:00-05:00,25.65999984741211,25.66819953918457,25.63999938964844,25.66819953918457,702,0.05319976806640625,0.2076899025640122,1313.0,Down
2024-12-05 13:46:00-05:00,25.649999618530277,25.649999618530277,25.59000015258789,25.63599967956543,2041,-0.032199859619140625,-0.12544650656149958,1356.8,Down
2024-12-05 13:47:00-05:00,25.63999938964844,25.67919921875,25.6299991607666,25.63999938964844,914,0.003999710083011365,0.015601927496500245,1236.8,Down
2024-12-05 13:48:00-05:00,25.6299991607666,25.6299991607666,25.6299991607666,25.6299991607666,277,-0.01000022888183949,-0.0390024536657263,1107.4,Down
2024-12-05 13:49:00-05:00,25.63999938964844,25.653499603271484,25.600000381469727,25.63999938964844,3389,0.01000022888183949,0.039017671514973706,1464.6,Down
2024-12-05 13:50:00-05:00,25.67889976501465,25.67889976501465,25.600000381469727,25.600000381469727,3062,-0.03999900817871449,-0.15600237570545517,1936.6,Down
2024-12-05 13:51:00-05:00,25.51180076599121,25.520000457763672,25.5,25.51000022888184,4573,-0.09000015258788707,-0.3515630908077383,2443.0,Down
2024-12-05 13:52:00-05:00,25.479999542236328,25.540000915527344,25.479999542236328,25.538799285888672,1483,0.028799057006832385,0.11289320559952909,2556.8,Down
2024-12-05 13:53:00-05:00,25.51000022888184,25.51000022888184,25.420000076293945,25.42009925842285,6274,-0.11870002746582031,-0.46478311739349687,3756.2,Down
2024-12-05 13:54:00-05:00,25.42720031738281,25.459999084472656,25.42720031738281,25.440000534057617,9805,0.019901275634765625,0.0782895276389306,5039.4,Down
2024-12-05 13:55:00-05:00,25.5039005279541,25.530000686645508,25.489999771118164,25.489999771118164,2680,0.049999237060546875,0.19653787740141482,4963.0,Down
2024-12-05 13:56:00-05:00,25.489999771118164,25.530000686645508,25.450000762939453,25.530000686645508,6748,0.04000091552734375,0.15692787715386736,5398.0,Down
2024-12-05 13:57:00-05:00,25.46999931335449,25.5,25.36000061035156,25.3700008392334,6456,-0.15999984741210938,-0.6267130556553591,6392.6,Down
2024-12-05 13:58:00-05:00,25.393699645996094,25.402700424194336,25.393699645996094,25.402700424194336,2987,0.0326995849609375,0.1288907523817162,5735.2,Down
2024-12-05 13:59:00-05:00,25.40010070800781,25.450000762939453,25.40010070800781,25.431699752807617,5055,0.02899932861328125,0.1141584482319935,4785.2,Down
2024-12-05 14:00:00-05:00,25.399999618530277,25.51000022888184,25.399999618530277,25.51000022888184,5327,0.0783004760742223,0.30788534323420436,5314.6,Down
2024-12-05 14:01:00-05:00,25.530000686645508,25.530000686645508,25.5,25.5,1947,-0.01000022888183949,-0.039201210474770765,4354.4,Down
2024-12-05 14:02:00-05:00,25.489999771118164,25.489999771118164,25.489999771118164,25.489999771118164,3098,-0.010000228881835938,-0.03921658385033222,3682.8,Down
2024-12-05 14:03:00-05:00,25.459999084472656,25.459999084472656,25.459999084472656,25.459999084472656,1304,-0.030000686645507812,-0.11769590786541162,3346.2,Down
2024-12-05 14:04:00-05:00,25.489999771118164,25.489999771118164,25.489999771118164,25.489999771118164,374,0.030000686645507812,0.1178345943610104,2410.0,Down
2024-12-05 14:05:00-05:00,25.450000762939453,25.549999237060547,25.440000534057617,25.51000022888184,15135,0.020000457763675428,0.07846393857695588,4371.6,Down
2024-12-05 14:06:00-05:00,25.54990005493164,25.54990005493164,25.481300354003903,25.51499938964844,1351,0.0049991607666015625,0.01959686680419459,4252.4,Down
2024-12-05 14:07:00-05:00,25.530000686645508,25.549999237060547,25.524999618530277,25.540000915527344,1482,0.025001525878902697,0.09798756212804349,3929.2,Down
2024-12-05 14:08:00-05:00,25.559999465942383,25.559999465942383,25.549999237060547,25.549999237060547,902,0.009998321533203125,0.03914769449802069,3848.8,Down
2024-12-05 14:09:00-05:00,25.600000381469727,25.600000381469727,25.59709930419922,25.59709930419922,2131,0.047100067138671875,0.18434469097889927,4200.2,Down
2024-12-05 14:10:00-05:00,25.59860038757324,25.659900665283203,25.57999992370605,25.63999938964844,8773,0.0429000854492223,0.167597448989798,2927.8,Down
2024-12-05 14:11:00-05:00,25.65449905395508,25.680099487304688,25.645000457763672,25.672199249267575,6637,0.03219985961913352,0.12558447888315616,3985.0,Down
2024-12-05 14:12:00-05:00,25.684999465942383,25.684999465942383,25.6299991607666,25.6299991607666,3015,-0.04220008850097301,-0.16438049615938866,4291.6,Down
2024-12-05 14:13:00-05:00,25.6299991607666,25.663000106811523,25.6299991607666,25.663000106811523,434,0.033000946044921875,0.1287590601853683,4198.0,Down
2024-12-05 14:14:00-05:00,25.670000076293945,25.670000076293945,25.670000076293945,25.670000076293945,659,0.006999969482421875,0.027276504903128718,3903.6,Down
2024-12-05 14:15:00-05:00,25.674999237060547,25.674999237060547,25.65999984741211,25.65999984741211,467,-0.010000228881835938,-0.038956871258721826,2242.4,Down
2024-12-05 14:16:00-05:00,25.670000076293945,25.670000076293945,25.670000076293945,25.670000076293945,1932,0.010000228881835938,0.03897205355145594,1301.4,Down
2024-12-05 14:17:00-05:00,25.67720031738281,25.697599411010746,25.6299991607666,25.6299991607666,2450,-0.04000091552734375,-0.1558274850348873,1188.4,Down
2024-12-05 14:18:00-05:00,25.645000457763672,25.645000457763672,25.550600051879883,25.600000381469727,8610,-0.029998779296875,-0.11704557268498172,2823.6,Down
2024-12-05 14:19:00-05:00,25.63999938964844,25.63999938964844,25.63999938964844,25.63999938964844,217,0.03999900817871449,0.1562461233698631,2735.2,Down
2024-12-05 14:20:00-05:00,25.614999771118164,25.68000030517578,25.614999771118164,25.68000030517578,2217,0.0400009155273402,0.15600981466281638,3085.2,Down
2024-12-05 14:21:00-05:00,25.697999954223636,25.709999084472656,25.690000534057617,25.696199417114254,1117,0.01619911193847301,0.06308065321638523,2922.2,Down
2024-12-05 14:22:00-05:00,25.655000686645508,25.709999084472656,25.655000686645508,25.709999084472656,733,0.01379966735840199,0.05370314549011379,2578.8,Down
2024-12-05 14:23:00-05:00,25.600000381469727,25.709999084472656,25.600000381469727,25.709999084472656,2242,0.0,0.0,1305.2,Down
2024-12-05 14:25:00-05:00,25.690000534057617,25.690000534057617,25.62220001220703,25.6299991607666,1742,-0.07999992370605469,-0.3111626859386818,1610.2,Down
2024-12-05 14:26:00-05:00,25.690000534057617,25.690000534057617,25.6299991607666,25.68000030517578,1524,0.05000114440917969,0.19508835757482412,1471.6,Down
2024-12-05 14:27:00-05:00,25.65999984741211,25.65999984741211,25.63999938964844,25.63999938964844,1353,-0.0400009155273402,-0.15576680316190528,1518.8,Down
2024-12-05 14:28:00-05:00,25.636999130249023,25.636999130249023,25.636999130249023,25.636999130249023,206,-0.003000259399417615,-0.011701479995462893,1413.4,Down
2024-12-05 14:30:00-05:00,25.63999938964844,25.63999938964844,25.63999938964844,25.63999938964844,521,0.003000259399417615,0.011702849402039917,1069.2,Down
2024-12-05 14:31:00-05:00,25.61470031738281,25.63500022888184,25.61470031738281,25.63500022888184,264,-0.0049991607666015625,-0.019497507354149235,773.6,Down
2024-12-05 14:32:00-05:00,25.6338005065918,25.649999618530277,25.6338005065918,25.649999618530277,1907,0.0149993896484375,0.05851136927839118,850.2,Down
2024-12-05 14:33:00-05:00,25.68000030517578,25.68000030517578,25.66469955444336,25.66469955444336,1202,0.014699935913082385,0.057309692521245736,820.0,Down
2024-12-05 14:34:00-05:00,25.63999938964844,25.63999938964844,25.57999992370605,25.57999992370605,3824,-0.08469963073730824,-0.33002385458529293,1543.6,Down
2024-12-05 14:35:00-05:00,25.57999992370605,25.57999992370605,25.57999992370605,25.57999992370605,129,0.0,0.0,1465.2,Down
2024-12-05 14:36:00-05:00,25.549999237060547,25.55500030517578,25.516700744628903,25.55500030517578,2284,-0.024999618530269885,-0.09773111260684697,1869.2,Down
2024-12-05 14:37:00-05:00,25.57999992370605,25.58289909362793,25.530000686645508,25.558500289916992,1944,0.0034999847412109375,0.013695890038789571,1876.6,Down
2024-12-05 14:38:00-05:00,25.57999992370605,25.57999992370605,25.57999992370605,25.57999992370605,243,0.021499633789058947,0.08411930882166185,1684.8,Down
2024-12-05 14:39:00-05:00,25.584999084472656,25.65999984741211,25.584999084472656,25.59000015258789,1986,0.01000022888183949,0.03909393632395286,1317.2,Down
2024-12-05 14:40:00-05:00,25.61000061035156,25.61039924621582,25.61000061035156,25.61039924621582,1083,0.020399093627929688,0.07971509771900198,1508.0,Down
2024-12-05 14:41:00-05:00,25.61000061035156,25.614999771118164,25.57999992370605,25.57999992370605,989,-0.030399322509769178,-0.11869913552503553,1249.0,Down
2024-12-05 14:42:00-05:00,25.559999465942383,25.56999969482422,25.530000686645508,25.547700881958008,6549,-0.03229904174804332,-0.12626677812500597,2170.0,Down
2024-12-05 14:43:00-05:00,25.540000915527344,25.549999237060547,25.5,25.530000686645508,2770,-0.0177001953125,-0.06928292841020811,2675.4,Down
2024-12-05 14:44:00-05:00,25.5,25.5,25.479999542236328,25.479999542236328,2329,-0.05000114440917969,-0.19585249927288606,2744.0,Down
2024-12-05 14:45:00-05:00,25.49620056152344,25.56999969482422,25.49620056152344,25.520000457763672,4014,0.04000091552734375,0.15698946721343088,3330.2,Down
2024-12-05 14:46:00-05:00,25.545000076293945,25.545000076293945,25.399999618530277,25.399999618530277,4682,-0.12000083923339488,-0.47022271583418984,4068.8,Down
2024-12-05 14:47:00-05:00,25.467199325561523,25.467199325561523,25.467199325561523,25.467199325561523,249,0.06719970703124645,0.2645657796869427,2808.8,Down
2024-12-05 14:48:00-05:00,25.46500015258789,25.519899368286133,25.45039939880371,25.475000381469727,4505,0.007801055908203125,0.03063177779574211,3155.8,Down
2024-12-05 14:49:00-05:00,25.450000762939453,25.450000762939453,25.420000076293945,25.44499969482422,1711,-0.030000686645507812,-0.11776520587347683,3032.2,Down
2024-12-05 14:50:00-05:00,25.420000076293945,25.429000854492188,25.399999618530277,25.403099060058597,3326,-0.04190063476562145,-0.16467139032485534,2894.6,Down
2024-12-05 14:51:00-05:00,25.479900360107425,25.479900360107425,25.42009925842285,25.469900131225582,1896,0.06680107116698508,0.2629642588451553,2337.4,Down
2024-12-05 14:52:00-05:00,25.420000076293945,25.489999771118164,25.38999938964844,25.489999771118164,11207,0.020099639892581678,0.07891526778285307,4529.0,Down
2024-12-05 14:54:00-05:00,25.46999931335449,25.502899169921875,25.450000762939453,25.502899169921875,3811,0.012899398803710938,0.05060572349759873,4390.2,Down
2024-12-05 14:55:00-05:00,25.5,25.549999237060547,25.489999771118164,25.530000686645508,4650,0.027101516723632812,0.10626837577587533,4978.0,Down
2024-12-05 14:56:00-05:00,25.549999237060547,25.5841007232666,25.549999237060547,25.56999969482422,1914,0.03999900817871094,0.1566745284093729,4695.6,Down
2024-12-05 14:57:00-05:00,25.57999992370605,25.57999992370605,25.56290054321289,25.56290054321289,1508,-0.007099151611328125,-0.027763596777696797,4618.0,Down
2024-12-05 14:58:00-05:00,25.599300384521484,25.600000381469727,25.56999969482422,25.58830070495605,1885,0.02540016174316051,0.09936337897267222,2753.6,Down
2024-12-05 14:59:00-05:00,25.559999465942383,25.600000381469727,25.518600463867188,25.518600463867188,6042,-0.06970024108886363,-0.27239105047472956,3199.8,Down
2024-12-05 15:00:00-05:00,25.511699676513672,25.530000686645508,25.5,25.524999618530277,7953,0.00639915466308949,0.02507643266780324,3860.4,Down
2024-12-05 15:01:00-05:00,25.489999771118164,25.520000457763672,25.475000381469727,25.475000381469727,3483,-0.04999923706055043,-0.19588339983461767,4174.2,Down
2024-12-05 15:02:00-05:00,25.5,25.5,25.450000762939453,25.459999084472656,2672,-0.015001296997070312,-0.05888634650612623,4407.0,Down
2024-12-05 15:03:00-05:00,25.450000762939453,25.530000686645508,25.450000762939453,25.52630043029785,2262,0.06630134582519531,0.26041377929832965,4482.4,Down
2024-12-05 15:04:00-05:00,25.5,25.559999465942383,25.5,25.559999465942383,1874,0.03369903564453125,0.13201692010382793,3648.8,Down
2024-12-05 15:05:00-05:00,25.56999969482422,25.56999969482422,25.56999969482422,25.56999969482422,3261,0.010000228881835938,0.0391245269592444,2710.4,Down
2024-12-05 15:06:00-05:00,25.565200805664062,25.56999969482422,25.565200805664062,25.56999969482422,2432,0.0,0.0,2500.2,Down
2024-12-05 15:07:00-05:00,25.549999237060547,25.549999237060547,25.489999771118164,25.489999771118164,1845,-0.07999992370605469,-0.31286634595559804,2334.8,Down
2024-12-05 15:08:00-05:00,25.51000022888184,25.520000457763672,25.51000022888184,25.520000457763672,738,0.030000686645507812,0.11769590786541162,2030.0,Down
2024-12-05 15:09:00-05:00,25.495800018310547,25.524999618530277,25.495800018310547,25.524999618530277,531,0.004999160766605115,0.01958918760553985,1761.4,Down
2024-12-05 15:10:00-05:00,25.540000915527344,25.56999969482422,25.520000457763672,25.540000915527344,1622,0.01500129699706676,0.058770997928547786,1433.6,Down
2024-12-05 15:11:00-05:00,25.559999465942383,25.569299697875977,25.530000686645508,25.559999465942383,1615,0.019998550415039062,0.07830285707970397,1270.2,Down
2024-12-05 15:12:00-05:00,25.530000686645508,25.584400177001957,25.5,25.545000076293945,8038,-0.0149993896484375,-0.0586830593186205,2508.8,Down
2024-12-05 15:13:00-05:00,25.57990074157715,25.57990074157715,25.46999931335449,25.56999969482422,41931,0.024999618530273438,0.09786501646353862,10747.4,Down
2024-12-05 15:14:00-05:00,25.540000915527344,25.56999969482422,25.520000457763672,25.520000457763672,3390,-0.049999237060546875,-0.19553866897646932,11319.2,Down
2024-12-05 15:15:00-05:00,25.545000076293945,25.569499969482425,25.53499984741211,25.545000076293945,6367,0.024999618530273438,0.09796088590063867,12268.2,Down
2024-12-05 15:16:00-05:00,25.545000076293945,25.549999237060547,25.40999984741211,25.489999771118164,23507,-0.05500030517578125,-0.21530751619305288,16646.6,Down
2024-12-05 15:17:00-05:00,25.420000076293945,25.420000076293945,25.21999931335449,25.21999931335449,16858,-0.2700004577636754,-1.0592407225895828,18410.6,Down
2024-12-05 15:18:00-05:00,25.239999771118164,25.249500274658203,25.1299991607666,25.1299991607666,19669,-0.09000015258788707,-0.3568602499534168,13958.2,Down
2024-12-05 15:19:00-05:00,25.13999938964844,25.18000030517578,25.13999938964844,25.149999618530277,4764,0.020000457763675428,0.07958797624991742,14233.0,Down
2024-12-05 15:20:00-05:00,25.110300064086918,25.15999984741211,25.059999465942383,25.084999084472656,17006,-0.06500053405762074,-0.2584514315846276,16360.8,Down
2024-12-05 15:21:00-05:00,25.059999465942383,25.10950088500977,25.040000915527344,25.05500030517578,13492,-0.029998779296875,-0.11958852059693603,14357.8,Down
2024-12-05 15:22:00-05:00,25.020099639892575,25.030000686645508,24.940000534057617,25.00749969482422,49614,-0.0475006103515625,-0.18958535131907706,20909.0,Down
2024-12-05 15:23:00-05:00,25.01000022888184,25.049999237060547,24.96999931335449,25.049999237060547,14691,0.042499542236328125,0.16994718686380583,19913.4,Down
2024-12-05 15:24:00-05:00,25.049999237060547,25.102500915527344,25.012500762939453,25.040000915527344,11368,-0.009998321533203125,-0.039913460430018866,21234.2,Down
2024-12-05 15:25:00-05:00,25.059999465942383,25.07999992370605,24.979999542236328,24.989999771118164,13717,-0.05000114440917969,-0.19968507420530246,20576.4,Down
2024-12-05 15:26:00-05:00,24.95709991455078,24.989999771118164,24.94499969482422,24.96999931335449,6302,-0.020000457763675428,-0.08003384532556668,19138.4,Down
2024-12-05 15:27:00-05:00,24.979999542236328,25.016599655151367,24.950000762939453,25.0,5882,0.030000686645511365,0.12014692619342071,10392.0,Down
2024-12-05 15:28:00-05:00,24.97459983825684,25.020000457763672,24.940000534057617,24.950000762939453,14320,-0.049999237060546875,-0.19999694824218706,10317.8,Down
2024-12-05 15:29:00-05:00,24.93000030517578,24.989999771118164,24.899999618530277,24.98500061035156,14510,0.03499984741210582,0.1402799452579373,10946.2,Down
2024-12-05 15:30:00-05:00,25.0,25.13940048217773,25.0,25.11000061035156,7958,0.125,0.5003001678863805,9794.4,Down
2024-12-05 15:31:00-05:00,25.1299991607666,25.2189998626709,25.1299991607666,25.2189998626709,10561,0.10899925231933949,0.43408701580995857,10646.2,Down
2024-12-05 15:32:00-05:00,25.209999084472656,25.239999771118164,25.102500915527344,25.13500022888184,45104,-0.08399963378905895,-0.33308074961924117,18490.6,Down
2024-12-05 15:33:00-05:00,25.16670036315918,25.190000534057617,25.131999969482425,25.190000534057617,5627,0.0550003051757777,0.21881959289811181,16752.0,Down
2024-12-05 15:34:00-05:00,25.190000534057617,25.229999542236328,25.100000381469727,25.11000061035156,7959,-0.07999992370605824,-0.3175860341800951,15441.8,Down
2024-12-05 15:35:00-05:00,25.13500022888184,25.170000076293945,25.11000061035156,25.13999938964844,5058,0.029998779296882105,0.11946944869651865,14861.8,Down
2024-12-05 15:36:00-05:00,25.1299991607666,25.15999984741211,25.11000061035156,25.11000061035156,2789,-0.029998779296882105,-0.11932688951947767,13307.4,Down
2024-12-05 15:37:00-05:00,25.11000061035156,25.114999771118164,25.049999237060547,25.049999237060547,4417,-0.06000137329101207,-0.23895408933712892,5170.0,Down
2024-12-05 15:38:00-05:00,25.059999465942383,25.099000930786133,25.02039909362793,25.07999992370605,6435,0.03000068664550426,0.11976322378932647,5331.6,Down
2024-12-05 15:39:00-05:00,25.11000061035156,25.13999938964844,25.07250022888184,25.09499931335449,3988,0.0149993896484375,0.05980617900345209,4537.4,Down
2024-12-05 15:40:00-05:00,25.09499931335449,25.13999938964844,25.0,25.100000381469727,21770,0.005001068115237928,0.019928544539049575,7879.8,Down
2024-12-05 15:41:00-05:00,25.13999938964844,25.25,25.13999938964844,25.170499801635746,42414,0.07049942016601918,0.28087417965962924,15804.8,Down
2024-12-05 15:42:00-05:00,25.170000076293945,25.26000022888184,25.149999618530277,25.25,11022,0.07950019836425426,0.3158467213236982,17125.8,Down
2024-12-05 15:43:00-05:00,25.239999771118164,25.309999465942383,25.229999542236328,25.309999465942383,17107,0.05999946594238281,0.23762164729657087,19260.2,Up
2024-12-05 15:44:00-05:00,25.32999992370605,25.420000076293945,25.290000915527344,25.393299102783203,35030,0.08329963684082031,0.32911749742590146,25468.6,Up
2024-12-05 15:45:00-05:00,25.3799991607666,25.3799991607666,25.202999114990234,25.277999877929688,10725,-0.11529922485351562,-0.454053742236582,23259.6,Up
2024-12-05 15:46:00-05:00,25.229999542236328,25.290000915527344,25.21999931335449,25.26000022888184,6019,-0.01799964904784801,-0.07120677717687984,15980.6,Up
2024-12-05 15:47:00-05:00,25.289499282836918,25.299999237060547,25.270000457763672,25.270000457763672,4484,0.010000228881832385,0.03958918761368668,14673.0,Up
2024-12-05 15:48:00-05:00,25.31999969482422,25.399999618530277,25.31999969482422,25.399999618530277,3681,0.12999916076660512,0.5144406743636143,11987.8,Up
2024-12-05 15:49:00-05:00,25.350000381469727,25.350000381469727,25.270000457763672,25.270000457763672,5685,-0.12999916076660512,-0.5118077272401433,6118.8,Up
2024-12-05 15:50:00-05:00,25.32990074157715,25.3754997253418,25.28499984741211,25.350000381469727,5163,0.07999992370605469,0.3165806183492714,5006.4,Up
2024-12-05 15:51:00-05:00,25.36669921875,25.36669921875,25.290000915527344,25.290000915527344,2872,-0.05999946594238281,-0.23668428023473354,4377.0,Up
2024-12-05 15:52:00-05:00,25.31430053710937,25.31430053710937,25.25,25.280000686645508,7085,-0.010000228881835938,-0.03954222427764442,4897.2,Up
2024-12-05 15:53:00-05:00,25.25,25.270000457763672,25.229999542236328,25.25,9041,-0.030000686645507812,-0.11867359901360786,5969.2,Up
2024-12-05 15:54:00-05:00,25.229999542236328,25.229999542236328,25.190000534057617,25.200000762939453,6278,-0.049999237060546875,-0.19801678043780413,6087.8,Up
2024-12-05 15:55:00-05:00,25.229999542236328,25.26000022888184,25.209999084472656,25.26000022888184,6319,0.059999465942386365,0.23809311161062663,6319.0,Up
2024-12-05 15:56:00-05:00,25.280000686645508,25.280000686645508,25.209999084472656,25.267000198364254,8515,0.00699996948241477,0.027711676243025174,7447.6,Up
2024-12-05 15:57:00-05:00,25.25,25.34000015258789,25.25,25.34000015258789,15705,0.07299995422363637,0.28891421083045987,9171.6,Up
2024-12-05 15:58:00-05:00,25.31010055541992,25.450000762939453,25.309999465942383,25.449499130249023,11864,0.10949897766113281,0.43211908840476987,9736.2,Up
2024-12-05 15:59:00-05:00,25.440000534057617,25.459999084472656,25.3799991607666,25.420000076293945,14035,-0.029499053955078125,-0.11591211993644546,11287.6,Up
