Datetime,Open,High,Low,Close,Volume,EMA_short,EMA_long,Trend,TrendStrength,IsReversal
2024-12-09 09:30:00-05:00,26.979999542236328,27.18000030517578,26.770000457763672,26.770000457763672,0,26.770000457763672,26.770000457763672,,,False
2024-12-09 09:31:00-05:00,26.780000686645508,27.05769920349121,26.38999938964844,26.520000457763672,29312,26.71444490220812,26.7472731850364,,,False
2024-12-09 09:32:00-05:00,26.420000076293945,26.90999984741211,26.402000427246094,26.670000076293945,28015,26.704568274227192,26.740248356968902,,,False
2024-12-09 09:33:00-05:00,26.584999084472656,26.670000076293945,26.50589942932129,26.525299072265625,18591,26.66473067379129,26.72070751290497,,,False
2024-12-09 09:34:00-05:00,26.670000076293945,26.670000076293945,26.399599075317383,26.399599075317383,24154,26.60581254079709,26.691515836760644,,,False
2024-12-09 09:35:00-05:00,26.38999938964844,26.5,25.86000061035156,25.8700008392334,84161,26.442298829338494,26.616832655167258,,,False
2024-12-09 09:36:00-05:00,25.86870002746582,26.239500045776367,25.86870002746582,26.091800689697266,55634,26.364410353862667,26.56910247648817,,,False
2024-12-09 09:37:00-05:00,26.030000686645508,26.030000686645508,25.459999084472656,25.600000381469727,82747,26.19454147110868,26.481002286031945,,,False
2024-12-09 09:38:00-05:00,25.637500762939453,25.637500762939453,25.299999237060547,25.478700637817383,44018,26.03546573037728,26.389883954376074,,,False
2024-12-09 09:39:00-05:00,25.415000915527344,25.45949935913086,25.100000381469727,25.210399627685547,57464,25.852117707556893,26.282658106495116,,,True
2024-12-09 09:40:00-05:00,25.21030044555664,25.61949920654297,25.21030044555664,25.61949920654297,30138,25.800424707331576,26.222370933772194,,,False
2024-12-09 09:41:00-05:00,25.63999938964844,25.799999237060547,25.600000381469727,25.739999771118164,40144,25.786996943728596,26.17851900989455,,,False
2024-12-09 09:42:00-05:00,25.71999931335449,26.059999465942383,25.71999931335449,25.88500022888184,47810,25.80877545154043,26.151835484347938,,,False
2024-12-09 09:43:00-05:00,25.93000030517578,25.93000030517578,25.56999969482422,25.8567008972168,17284,25.819425550579624,26.125005067336016,,,False
2024-12-09 09:44:00-05:00,25.840700149536133,26.040000915527344,25.65220069885254,25.799400329589844,62727,25.814975501470784,26.09540463663182,,,False
2024-12-09 09:45:00-05:00,25.81010055541992,26.5,25.81010055541992,26.420000076293945,23079,25.94942540698704,26.12491331296474,,,False
2024-12-09 09:46:00-05:00,26.420000076293945,26.49040031433105,26.299999237060547,26.35169982910156,16810,26.038819723012487,26.145530268977176,,,False
2024-12-09 09:47:00-05:00,26.351999282836918,26.3799991607666,26.229999542236328,26.25,8618,26.085748673454155,26.155027517251977,,,False
2024-12-09 09:48:00-05:00,26.239999771118164,26.399999618530277,26.147899627685547,26.3700008392334,12666,26.148915821405097,26.174570546523015,,,False
2024-12-09 09:49:00-05:00,26.399999618530277,26.670000076293945,26.35140037536621,26.66990089416504,26893,26.264690282018417,26.219600578126833,,,True
2024-12-09 09:50:00-05:00,26.51000022888184,26.59000015258789,26.2726993560791,26.32999992370605,18860,26.27920353572678,26.2296368822704,,,False
2024-12-09 09:51:00-05:00,26.399900436401367,26.399999618530277,26.280000686645508,26.290000915527344,12493,26.281602953460236,26.235124521657394,,,False
2024-12-09 09:52:00-05:00,26.28499984741211,26.34000015258789,26.200000762939453,26.290000915527344,10806,26.283469167252925,26.240113284736477,,,False
2024-12-09 09:53:00-05:00,26.239999771118164,26.399999618530277,26.239999771118164,26.399999618530277,10256,26.309364823092338,26.25464840599046,,,False
2024-12-09 09:54:00-05:00,26.38500022888184,26.5,26.321199417114254,26.321199417114254,12525,26.311994732874986,26.260698497910802,,,False
2024-12-09 09:55:00-05:00,26.285200119018555,26.350000381469727,26.18000030517578,26.200000762939453,8583,26.287107184000426,26.255180522004313,,,True
2024-12-09 09:56:00-05:00,26.18000030517578,26.34000015258789,26.170000076293945,26.309999465942383,7655,26.292194357765304,26.260164062362318,,,False
2024-12-09 09:57:00-05:00,26.326400756835938,26.32999992370605,26.270000457763672,26.32999992370605,2611,26.300595594641024,26.26651277702993,,,False
2024-12-09 09:58:00-05:00,26.291900634765625,26.36000061035156,26.274999618530277,26.274999618530277,4531,26.29490759994975,26.267284308075414,,,False
2024-12-09 09:59:00-05:00,26.299999237060547,26.45499992370605,26.190000534057617,26.440000534057617,9958,26.32715047419594,26.282985783164705,,,False
2024-12-09 10:00:00-05:00,26.450000762939453,26.574499130249023,26.450000762939453,26.46999931335449,15033,26.358894660675617,26.299987013181955,,,False
2024-12-09 10:01:00-05:00,26.56999969482422,26.6200008392334,26.40999984741211,26.524099349975582,15395,26.395606813853384,26.320360861981378,,,True
2024-12-09 10:02:00-05:00,26.5,26.5,26.32999992370605,26.334999084472656,10441,26.382138429546558,26.321691609480585,,,False
2024-12-09 10:03:00-05:00,26.30279922485352,26.34000015258789,26.30279922485352,26.309999465942383,2834,26.36610754874563,26.320628687340747,,,False
2024-12-09 10:04:00-05:00,26.312400817871094,26.312400817871094,26.239999771118164,26.299999237060547,2641,26.351416812815614,26.31875328276982,,,False
2024-12-09 10:05:00-05:00,26.3700008392334,26.40999984741211,26.32999992370605,26.38909912109375,5083,26.359790659099644,26.325148358981085,,,False
2024-12-09 10:06:00-05:00,26.270000457763672,26.31999969482422,26.149999618530277,26.149999618530277,9546,26.31317042786201,26.309225746212828,,,False
2024-12-09 10:07:00-05:00,26.209999084472656,26.229999542236328,26.18000030517578,26.21150016784668,4510,26.290577036747493,26.300341602724995,,,False
2024-12-09 10:08:00-05:00,26.122499465942383,26.18000030517578,26.1200008392334,26.120100021362305,4468,26.252693255550785,26.283956004419295,,,False
2024-12-09 10:09:00-05:00,26.13999938964844,26.170000076293945,26.1200008392334,26.1200008392334,4892,26.2232060519247,26.269050989402395,,,False
2024-12-09 10:10:00-05:00,26.100000381469727,26.26000022888184,26.020000457763672,26.26000022888184,7310,26.23138253569295,26.268228192991437,,,False
2024-12-09 10:11:00-05:00,26.274999618530277,26.290000915527344,26.21999931335449,26.290000915527344,2675,26.24440884232282,26.27020753140379,,,True
2024-12-09 10:12:00-05:00,26.23600006103516,26.23600006103516,26.0,26.002500534057617,18542,26.190651440486107,26.245870531645046,,,False
2024-12-09 10:13:00-05:00,26.030000686645508,26.149900436401367,26.00359916687012,26.00359916687012,4984,26.149084268571443,26.22384586212005,,,False
2024-12-09 10:14:00-05:00,26.059999465942383,26.1200008392334,25.920799255371094,25.979999542236328,14508,26.11150988494142,26.20167801485789,,,False
2024-12-09 10:15:00-05:00,25.99799919128418,26.018299102783203,25.92530059814453,26.018299102783203,16184,26.09079637779515,26.18500720466928,,,False
2024-12-09 10:16:00-05:00,25.96529960632324,26.065099716186523,25.82999992370605,25.84000015258789,12390,26.035063883304648,26.153642927207333,,,False
2024-12-09 10:17:00-05:00,25.847999572753903,25.8799991607666,25.59499931335449,25.59499931335449,35118,25.93727175664906,26.1028571441298,,,False
2024-12-09 10:18:00-05:00,25.6200008392334,25.649999618530277,25.5,25.501100540161133,18142,25.840344819651744,26.048151998314466,,,False
2024-12-09 10:19:00-05:00,25.5,25.575000762939453,25.440000534057617,25.450000762939453,25942,25.753601695937903,25.993774613280372,,,True
2024-12-09 10:20:00-05:00,25.48500061035156,25.62579917907715,25.48500061035156,25.6112003326416,19790,25.721956948538725,25.958995133222302,,,False
2024-12-09 10:21:00-05:00,25.57999992370605,25.729999542236328,25.57999992370605,25.665000915527344,11712,25.70930005231397,25.932268386159127,,,False
2024-12-09 10:22:00-05:00,25.665000915527344,25.749000549316406,25.649999618530277,25.652700424194336,10109,25.696722357176274,25.9068531168896,,,False
2024-12-09 10:23:00-05:00,25.656099319458008,25.65999984741211,25.51569938659668,25.580299377441406,9858,25.670850583901856,25.8771664133034,,,False
2024-12-09 10:24:00-05:00,25.5,25.604999542236328,25.5,25.53499984741211,9872,25.640661531348577,25.846060361858736,,,False
2024-12-09 10:25:00-05:00,25.54949951171875,25.54949951171875,25.401899337768555,25.415000915527344,15119,25.590514727832748,25.806873139464972,,,False
2024-12-09 10:26:00-05:00,25.420000076293945,25.420000076293945,25.260400772094727,25.40999984741211,36033,25.550400309961496,25.77079374927835,,,False
2024-12-09 10:27:00-05:00,25.350000381469727,25.350000381469727,25.200000762939453,25.25,44100,25.483644685525608,25.72344886298032,,,False
2024-12-09 10:28:00-05:00,25.200000762939453,25.30030059814453,25.11000061035156,25.290000915527344,29871,25.440612736637103,25.68404450412096,,,False
2024-12-09 10:29:00-05:00,25.262300491333008,25.32990074157715,25.21999931335449,25.270000457763672,13695,25.40269889688745,25.646404136270295,,,False
2024-12-09 10:30:00-05:00,25.309999465942383,25.468599319458008,25.30900001525879,25.38999938964844,15651,25.39987678416767,25.623094613850125,,,False
2024-12-09 10:31:00-05:00,25.36000061035156,25.399999618530277,25.01449966430664,25.093299865722656,82703,25.331748580068776,25.574931454929445,,,False
2024-12-09 10:32:00-05:00,25.11000061035156,25.16990089416504,25.01000022888184,25.140499114990234,17166,25.28924869894021,25.53543760584406,,,False
2024-12-09 10:33:00-05:00,25.137699127197266,25.229999542236328,25.137699127197266,25.170000076293945,14187,25.26274900501882,25.502216012248596,,,False
2024-12-09 10:34:00-05:00,25.18000030517578,25.18000030517578,25.100000381469727,25.155000686645508,10687,25.238804934269194,25.470650982648312,,,False
2024-12-09 10:35:00-05:00,25.11000061035156,25.200000762939453,25.11000061035156,25.13999938964844,11590,25.216848146575693,25.44059174692105,,,False
2024-12-09 10:36:00-05:00,25.11000061035156,25.125,25.049999237060547,25.09000015258789,31657,25.18865970346729,25.408719783799857,,,False
2024-12-09 10:37:00-05:00,25.08690071105957,25.16399955749512,24.899999618530277,24.920000076293945,78762,25.128957564095437,25.364290719481136,,,False
2024-12-09 10:38:00-05:00,24.90999984741211,25.04199981689453,24.833499908447266,24.88999938964844,36800,25.07585574755166,25.32117332585998,,,True
2024-12-09 10:39:00-05:00,24.89679908752441,25.15999984741211,24.89679908752441,25.149999618530277,25040,25.092332163324688,25.3056120797391,,,False
2024-12-09 10:40:00-05:00,25.15999984741211,25.34000015258789,25.149999618530277,25.18000030517578,37858,25.11181397262493,25.294192827506066,,,False
2024-12-09 10:41:00-05:00,25.18000030517578,25.284500122070312,25.18000030517578,25.280000686645508,6255,25.149188797962836,25.292902632882377,,,False
2024-12-09 10:42:00-05:00,25.290000915527344,25.36000061035156,25.229999542236328,25.274999618530277,9202,25.17714675808893,25.291275086123093,,,False
2024-12-09 10:43:00-05:00,25.280000686645508,25.309999465942383,25.25,25.29179954528809,7793,25.2026251552443,25.291322764229,,,False
2024-12-09 10:44:00-05:00,25.274900436401367,25.299999237060547,25.23500061035156,25.280000686645508,14210,25.219819717777902,25.290293484448682,,,False
2024-12-09 10:45:00-05:00,25.280000686645508,25.34000015258789,25.239999771118164,25.295000076293945,7621,25.236526464114803,25.290721356434616,,,True
2024-12-09 10:46:00-05:00,25.26749992370605,25.30990028381348,25.221399307250977,25.221399307250977,5417,25.23316487370062,25.28441935196338,,,False
2024-12-09 10:47:00-05:00,25.239999771118164,25.239999771118164,25.1299991607666,25.200000762939453,8825,25.22579507130925,25.276744934779384,,,False
2024-12-09 10:48:00-05:00,25.0802001953125,25.178699493408203,25.0,25.07999992370605,17345,25.19339614961965,25.258859024681808,,,False
2024-12-09 10:49:00-05:00,25.07349967956543,25.1299991607666,25.040000915527344,25.08009910583496,4757,25.16821902877861,25.242608122968456,,,False
2024-12-09 10:50:00-05:00,25.095800399780277,25.200000762939453,25.049999237060547,25.049999237060547,15601,25.141947963952372,25.225098224249553,,,False
2024-12-09 10:51:00-05:00,25.06999969482422,25.1200008392334,25.035499572753903,25.059999465942383,4867,25.12373718661682,25.210089246221628,,,False
2024-12-09 10:52:00-05:00,25.059999465942383,25.099899291992188,24.8799991607666,24.8799991607666,27800,25.06957318087233,25.18008105663481,,,True
2024-12-09 10:53:00-05:00,24.88999938964844,25.100000381469727,24.88999938964844,25.049999237060547,11535,25.06522341558082,25.16825543667351,,,False
2024-12-09 10:54:00-05:00,25.066600799560547,25.09000015258789,25.020000457763672,25.029699325561523,10361,25.05732917335431,25.155659426572416,,,False
2024-12-09 10:55:00-05:00,25.019899368286133,25.051000595092773,24.959999084472656,24.96999931335449,4449,25.037922537798792,25.138781234461693,,,False
2024-12-09 10:56:00-05:00,25.01000022888184,25.01000022888184,24.850000381469727,24.890100479125977,28063,25.005073191427055,25.116173893067536,,,False
2024-12-09 10:57:00-05:00,24.96419906616211,25.0,24.920000076293945,24.999500274658203,7185,25.00383476547842,25.10556720048487,,,False
2024-12-09 10:58:00-05:00,25.0,25.049999237060547,25.0,25.049999237060547,2178,25.014093536941115,25.100515567446294,,,False
2024-12-09 10:59:00-05:00,25.049999237060547,25.049999237060547,24.979999542236328,24.979999542236328,7439,25.006517093673384,25.089559565154477,,,False
2024-12-09 11:00:00-05:00,24.959999084472656,25.11000061035156,24.959999084472656,25.11000061035156,22017,25.029513430712978,25.091417841990573,,,False
2024-12-09 11:01:00-05:00,25.10650062561035,25.200000762939453,25.05120086669922,25.198999404907227,3008,25.067176980533922,25.101197984073906,,,True
2024-12-09 11:02:00-05:00,25.142900466918945,25.142900466918945,25.0,25.0,11048,25.052248762637497,25.091998167339913,,,False
2024-12-09 11:03:00-05:00,24.940000534057617,24.950000762939453,24.850099563598636,24.89229965209961,13187,25.016704515851302,25.07384375686352,,,False
2024-12-09 11:04:00-05:00,24.90999984741211,25.030000686645508,24.892000198364254,24.9950008392334,8201,25.011881476602877,25.066676218897147,,,False
2024-12-09 11:05:00-05:00,25.030000686645508,25.124000549316406,24.960399627685547,25.024799346923828,3727,25.014752114451976,25.062869230535934,,,False
2024-12-09 11:06:00-05:00,25.028200149536133,25.084999084472656,24.940099716186523,25.039100646972656,7883,25.020162899456572,25.060708450212,,,False
2024-12-09 11:07:00-05:00,24.947900772094727,24.96179962158203,24.670000076293945,24.68000030517578,59757,24.944571211838618,25.026098618845072,,,False
2024-12-09 11:08:00-05:00,24.66010093688965,24.670000076293945,24.200000762939453,24.48909950256348,138355,24.843355276444143,24.977280517364928,,,False
2024-12-09 11:09:00-05:00,24.459999084472656,24.479999542236328,24.34000015258789,24.399999618530277,16656,24.74483179690773,24.92480043565269,,,True
2024-12-09 11:10:00-05:00,24.43930053710937,24.53499984741211,24.299999237060547,24.53499984741211,24334,24.69820247479759,24.889364018539908,,,False
2024-12-09 11:11:00-05:00,24.5,24.530000686645508,24.399999618530277,24.46999931335449,27599,24.647490661143564,24.851239954432142,,,False
2024-12-09 11:12:00-05:00,24.46999931335449,24.530000686645508,24.399999618530277,24.51000022888184,12219,24.61693723175207,24.820218161200295,,,False
2024-12-09 11:13:00-05:00,24.5049991607666,24.670000076293945,24.5049991607666,24.670000076293945,10698,24.628728974983595,24.806561971663353,,,False
2024-12-09 11:16:00-05:00,24.43680000305176,24.61000061035156,24.41629981994629,24.61000061035156,30367,24.624567116176475,24.788692756998646,,,False
2024-12-09 11:17:00-05:00,24.559999465942383,24.720199584960938,24.559999465942383,24.70499992370605,3078,24.64244107340527,24.78108431760841,,,False
2024-12-09 11:18:00-05:00,24.7367000579834,24.875200271606445,24.709999084472656,24.780000686645508,4741,24.673009876347543,24.78098580570269,,,False
2024-12-09 11:19:00-05:00,24.818099975585938,24.818099975585938,24.6299991607666,24.69059944152832,15000,24.676918668609936,24.77276886350502,,,False
2024-12-09 11:20:00-05:00,24.700000762939453,24.770000457763672,24.690000534057617,24.75149917602539,2485,24.69349211470226,24.770835255552328,,,False
2024-12-09 11:21:00-05:00,24.75,24.84000015258789,24.75,24.84000015258789,3178,24.72604945645462,24.777122973464653,,,False
2024-12-09 11:22:00-05:00,24.84000015258789,25.0,24.799999237060547,24.92099952697754,28760,24.769371694348603,24.790202660147642,,,False
2024-12-09 11:23:00-05:00,24.899999618530277,24.93000030517578,24.809999465942383,24.93000030517578,18313,24.805066941199087,24.802911536968384,,,False
2024-12-09 11:24:00-05:00,24.949899673461918,24.949899673461918,24.818099975585938,24.88500022888184,2790,24.822829894017474,24.810374145324154,,,False
2024-12-09 11:25:00-05:00,24.90999984741211,24.950000762939453,24.88139915466309,24.88139915466309,6785,24.835845285272057,24.816830964354967,,,False
2024-12-09 11:26:00-05:00,24.90999984741211,25.0,24.899999618530277,25.0,12710,24.872324110767153,24.833482694868152,,,True
2024-12-09 11:27:00-05:00,24.96500015258789,25.0,24.799999237060547,24.86750030517578,9497,24.87125215396907,24.836575204896118,,,True
2024-12-09 11:28:00-05:00,24.989999771118164,25.040000915527344,24.96540069580078,24.96999931335449,5556,24.89319596716583,24.848704669301423,,,False
2024-12-09 11:29:00-05:00,24.93000030517578,24.96500015258789,24.850000381469727,24.90489959716797,5162,24.89579677383297,24.853813299107472,,,False
2024-12-09 11:30:00-05:00,24.950000762939453,24.989999771118164,24.950000762939453,24.989999771118164,1463,24.91673077322968,24.86619388747208,,,False
2024-12-09 11:31:00-05:00,24.950000762939453,24.989999771118164,24.90570068359375,24.989999771118164,2575,24.933012772760456,24.87744896780354,,,False
2024-12-09 11:32:00-05:00,24.96500015258789,24.989999771118164,24.910499572753903,24.950000762939453,9137,24.936787881689124,24.88404458554317,,,False
2024-12-09 11:33:00-05:00,24.91010093688965,24.95499992370605,24.90369987487793,24.94499969482422,2242,24.93861272905248,24.88958595911417,,,False
2024-12-09 11:34:00-05:00,24.95499992370605,25.040000915527344,24.90999984741211,25.005800247192383,3161,24.953543288639125,24.90015089439401,,,False
2024-12-09 11:35:00-05:00,25.039499282836918,25.09000015258789,25.026899337768555,25.030000686645508,3595,24.970533821529433,24.911955420962325,,,False
2024-12-09 11:36:00-05:00,25.059999465942383,25.09000015258789,25.00069999694824,25.07390022277832,16391,24.993504132918076,24.92667767567287,,,False
2024-12-09 11:37:00-05:00,25.07999992370605,25.18000030517578,25.030000686645508,25.07999992370605,19498,25.012725419759846,24.940616061857707,,,False
2024-12-09 11:38:00-05:00,25.13999938964844,25.149999618530277,25.059999465942383,25.149999618530277,2072,25.043230797264386,24.95965093064612,,,False
2024-12-09 11:39:00-05:00,25.13999938964844,25.199899673461918,25.050800323486328,25.15959930419922,19185,25.069090465472126,24.977828055514582,,,True
2024-12-09 11:40:00-05:00,25.1200008392334,25.1200008392334,25.1200008392334,25.1200008392334,700,25.08040388186352,24.990752854034472,,,False
2024-12-09 11:41:00-05:00,25.01000022888184,25.022499084472656,24.940000534057617,24.959999084472656,9600,25.053647260221105,24.98795705680158,,,False
2024-12-09 11:42:00-05:00,24.95009994506836,25.018999099731445,24.95009994506836,24.959999084472656,6711,25.032836554499227,24.985415422953498,,,False
2024-12-09 11:43:00-05:00,24.989999771118164,25.020000457763672,24.950000762939453,24.950000762939453,878,25.01442860081928,24.982195908406766,,,False
2024-12-09 11:44:00-05:00,24.950000762939453,25.003700256347656,24.950000762939453,24.979999542236328,2244,25.006777698911957,24.981996238754906,,,False
2024-12-09 11:45:00-05:00,25.0,25.059999465942383,24.989999771118164,25.059999465942383,3254,25.018604758252053,24.989087441226495,,,False
2024-12-09 11:46:00-05:00,24.97010040283203,25.049999237060547,24.96999931335449,24.98500061035156,8147,25.011137169829723,24.988715911146954,,,False
2024-12-09 11:47:00-05:00,24.95400047302246,24.96999931335449,24.83099937438965,24.879199981689453,9210,24.98181779468744,24.97875991755991,,,True
2024-12-09 11:48:00-05:00,24.878700256347656,24.93000030517578,24.84650039672852,24.93000030517578,3588,24.970302797018185,24.974327225524988,,,False
2024-12-09 11:49:00-05:00,24.93000030517578,24.959999084472656,24.880199432373047,24.899999618530277,7080,24.954679868465316,24.96757017034365,,,False
2024-12-09 11:50:00-05:00,24.93000030517578,24.934999465942383,24.890100479125977,24.934999465942383,6212,24.950306445682443,24.96460919721626,,,False
2024-12-09 11:51:00-05:00,24.899999618530277,25.100000381469727,24.899999618530277,25.05500030517578,3754,24.97357174779207,24.972826570667124,,,False
2024-12-09 11:52:00-05:00,25.100000381469727,25.100000381469727,25.075000762939453,25.07999992370605,5983,24.997222453550734,24.982569602761572,,,False
2024-12-09 11:53:00-05:00,25.09000015258789,25.100000381469727,25.06999969482422,25.099899291992188,4737,25.020039528759945,24.993235938146174,,,False
2024-12-09 11:54:00-05:00,25.049999237060547,25.13689994812012,25.049999237060547,25.100000381469727,14644,25.037808607139898,25.002941796630132,,,True
2024-12-09 11:55:00-05:00,25.059999465942383,25.12989997863769,24.920000076293945,24.934999465942383,18226,25.014962131318228,24.996765221113062,,,False
2024-12-09 11:56:00-05:00,24.940000534057617,24.959999084472656,24.90999984741211,24.920000076293945,3943,24.993859452423944,24.98978657158405,,,True
2024-12-09 11:57:00-05:00,24.959999084472656,24.959999084472656,24.94750022888184,24.94750022888184,1010,24.98355740274792,24.985942358611123,,,False
2024-12-09 11:58:00-05:00,24.979999542236328,24.979999542236328,24.941999435424805,24.979999542236328,908,24.982766767078676,24.985402102577048,,,False
2024-12-09 11:59:00-05:00,24.940000534057617,24.950000762939453,24.93000030517578,24.93000030517578,951,24.97104088665581,24.98036557554057,,,False
2024-12-09 12:00:00-05:00,24.959999084472656,25.040000915527344,24.959999084472656,25.021499633789062,3115,24.98225394157431,24.98410503538134,,,False
2024-12-09 12:01:00-05:00,25.069299697875977,25.1299991607666,25.069299697875977,25.07999992370605,2149,25.00397527093692,24.99282275250177,,,False
2024-12-09 12:02:00-05:00,25.1200008392334,25.13990020751953,25.07999992370605,25.13990020751953,5393,25.034180812399722,25.006193430230656,,,True
2024-12-09 12:03:00-05:00,25.045499801635746,25.1299991607666,25.045499801635746,25.06999969482422,4916,25.04214056404961,25.01199399973916,,,False
2024-12-09 12:04:00-05:00,25.122900009155277,25.122900009155277,25.058000564575195,25.061199188232425,2180,25.046375813868014,25.016467198693093,,,False
2024-12-09 12:05:00-05:00,25.09000015258789,25.11440086364746,25.059999465942383,25.09000015258789,2998,25.05607011136132,25.02315201268353,,,False
2024-12-09 12:06:00-05:00,24.950000762939453,25.0,24.950000762939453,25.0,3564,25.043610086614358,25.021047284257754,,,False
2024-12-09 12:07:00-05:00,25.0,25.049999237060547,25.0,25.049999237060547,2062,25.045029897824623,25.023679279967098,,,False
2024-12-09 12:08:00-05:00,25.06999969482422,25.100000381469727,25.049999237060547,25.065000534057617,2139,25.049467816987512,25.027435757611688,,,False
2024-12-09 12:09:00-05:00,25.049999237060547,25.049999237060547,24.93000030517578,24.93000030517578,5538,25.02291948102935,25.018577989208424,,,False
2024-12-09 12:10:00-05:00,24.959999084472656,25.0,24.959999084472656,25.0,3710,25.017826263022826,25.01688908109857,,,False
2024-12-09 12:11:00-05:00,24.96999931335449,24.981300354003903,24.96999931335449,24.981300354003903,640,25.009709394351955,25.01365374227178,,,False
2024-12-09 12:13:00-05:00,24.93000030517578,24.93000030517578,24.850000381469727,24.915000915527344,11487,24.988663065724264,25.00468530347683,,,True
2024-12-09 12:14:00-05:00,24.940000534057617,25.02910041809082,24.940000534057617,24.96999931335449,5587,24.984515565197647,25.001532031647525,,,False
2024-12-09 12:15:00-05:00,25.020000457763672,25.11949920654297,25.020000457763672,25.059999465942383,5827,25.001289765363143,25.006847252947058,,,False
2024-12-09 12:16:00-05:00,25.059999465942383,25.059999465942383,25.049999237060547,25.049999237060547,2234,25.01211409240701,25.010770160593736,,,False
2024-12-09 12:17:00-05:00,25.0044002532959,25.09000015258789,25.0044002532959,25.09000015258789,1975,25.029422105780537,25.01797288713866,,,True
2024-12-09 12:18:00-05:00,25.00690078735352,25.09000015258789,25.00690078735352,25.059999465942383,3579,25.03621707470539,25.021793485211727,,,False
2024-12-09 12:19:00-05:00,25.059999465942383,25.059999465942383,25.04010009765625,25.04010009765625,385,25.03707996869447,25.02345772270668,,,False
2024-12-09 12:20:00-05:00,25.07999992370605,25.08329963684082,25.059999465942383,25.059999465942383,2436,25.042173190305117,25.02677969936447,,,False
2024-12-09 12:21:00-05:00,25.049999237060547,25.06999969482422,25.030000686645508,25.06999969482422,1661,25.048356857976028,25.03070878986081,,,False
2024-12-09 12:22:00-05:00,25.059999465942383,25.099199295043945,25.030000686645508,25.059999465942383,5573,25.050944104190776,25.033371578595496,,,False
2024-12-09 12:23:00-05:00,25.09650039672852,25.114999771118164,25.030000686645508,25.114999771118164,5475,25.065178696841308,25.040792323370283,,,True
2024-12-09 12:24:00-05:00,25.1299991607666,25.149999618530277,25.09000015258789,25.100000381469727,11662,25.072916848980956,25.046174874106597,,,False
2024-12-09 12:25:00-05:00,25.07010078430176,25.100000381469727,25.07010078430176,25.100000381469727,1580,25.078935411756238,25.051068102048703,,,False
2024-12-09 12:26:00-05:00,25.020000457763672,25.02580070495605,24.975799560546875,25.01499938964844,8598,25.064727406843396,25.047789128194133,,,False
2024-12-09 12:27:00-05:00,25.01000022888184,25.01000022888184,25.01000022888184,25.01000022888184,2206,25.052565811740827,25.044353773711197,,,False
2024-12-09 12:28:00-05:00,25.030000686645508,25.030000686645508,24.982500076293945,25.01000022888184,3470,25.043106793327716,25.041230724181258,,,False
2024-12-09 12:29:00-05:00,25.030000686645508,25.030000686645508,25.030000686645508,25.030000686645508,557,25.040194325176113,25.040209811678007,,,False
2024-12-09 12:30:00-05:00,25.030000686645508,25.030000686645508,25.020000457763672,25.020000457763672,408,25.03570679908446,25.038372597685793,,,False
2024-12-09 12:31:00-05:00,25.045000076293945,25.045000076293945,25.045000076293945,25.045000076293945,1115,25.037771971797678,25.03897509574108,,,False
2024-12-09 12:32:00-05:00,25.06999969482422,25.06999969482422,25.059999465942383,25.065000534057617,2501,25.043822763410997,25.041341044678944,,,False
2024-12-09 12:33:00-05:00,25.06999969482422,25.07999992370605,25.06999969482422,25.07999992370605,1421,25.05186213236545,25.04485548822686,,,False
2024-12-09 12:34:00-05:00,25.087499618530277,25.1200008392334,25.087499618530277,25.1200008392334,788,25.067004067224993,25.05168688377291,,,False
2024-12-09 12:35:00-05:00,25.1200008392334,25.16320037841797,25.1200008392334,25.16320037841797,1442,25.08838102526788,25.061824474195188,,,True
2024-12-09 12:36:00-05:00,25.131500244140625,25.131500244140625,25.100000381469727,25.100000381469727,1054,25.090963104423846,25.065295011220144,,,False
2024-12-09 12:37:00-05:00,25.100000381469727,25.13279914855957,25.030000686645508,25.09000015258789,4614,25.090749115126965,25.067540933162668,,,False
2024-12-09 12:38:00-05:00,25.030000686645508,25.104799270629883,25.030000686645508,25.104799270629883,2205,25.093871371905394,25.070928054750595,,,False
2024-12-09 12:39:00-05:00,25.040000915527344,25.065000534057617,25.040000915527344,25.065000534057617,2177,25.087455630161443,25.07038918923305,,,False
2024-12-09 12:40:00-05:00,25.040000915527344,25.040000915527344,25.040000915527344,25.040000915527344,495,25.076910138020533,25.067626618896167,,,False
2024-12-09 12:41:00-05:00,25.030000686645508,25.030000686645508,25.00279998779297,25.00279998779297,1420,25.060441215747744,25.061733288795878,,,False
2024-12-09 12:42:00-05:00,25.01000022888184,25.085599899291992,25.00379943847656,25.020000457763672,1797,25.051454380640173,25.057939395065674,,,False
2024-12-09 12:43:00-05:00,25.00659942626953,25.01000022888184,24.899999618530277,24.899999618530277,13383,25.017797766837973,25.043581233562453,,,False
2024-12-09 12:44:00-05:00,24.90999984741211,24.94499969482422,24.90999984741211,24.920000076293945,3023,24.996064946717077,25.032346582901678,,,False
2024-12-09 12:45:00-05:00,24.899999618530277,24.95499992370605,24.87649917602539,24.87649917602539,5081,24.969494775452258,25.018178636822014,,,True
2024-12-09 12:46:00-05:00,24.950000762939453,24.950000762939453,24.899999618530277,24.899999618530277,850,24.954051407247373,25.007435089704583,,,False
2024-12-09 12:47:00-05:00,24.989999771118164,25.0,24.989999771118164,25.0,585,24.96426220563685,25.00675917245871,,,False
2024-12-09 12:48:00-05:00,24.96999931335449,24.979999542236328,24.959999084472656,24.959999084472656,3052,24.96331484537814,25.002508255369072,,,False
2024-12-09 12:49:00-05:00,24.920000076293945,24.924999237060547,24.860599517822266,24.924999237060547,11835,24.954800265752006,24.99546198097739,,,False
2024-12-09 12:50:00-05:00,24.95490074157715,24.98740005493164,24.93000030517578,24.959999084472656,1390,24.955955558801037,24.99223808129514,,,False
2024-12-09 12:51:00-05:00,25.030000686645508,25.030000686645508,24.97010040283203,24.97010040283203,2932,24.959098857474594,24.99022556507122,,,False
2024-12-09 12:52:00-05:00,25.040000915527344,25.059999465942383,25.020000457763672,25.020000457763672,529,24.972632546427725,24.99293237349781,,,False
2024-12-09 12:53:00-05:00,25.020000457763672,25.05699920654297,24.98430061340332,25.03809928894043,1721,24.98718071143055,24.997038456719864,,,False
2024-12-09 12:54:00-05:00,25.059999465942383,25.059999465942383,25.040000915527344,25.040000915527344,1743,24.998918534563174,25.00094413479327,,,True
2024-12-09 12:55:00-05:00,25.049999237060547,25.049999237060547,25.03499984741211,25.03499984741211,544,25.00693660408516,25.00404010866771,,,False
2024-12-09 12:56:00-05:00,25.049999237060547,25.049999237060547,24.88660049438477,24.950000762939453,5609,24.99428419494167,24.99912744087423,,,False
2024-12-09 12:57:00-05:00,24.96500015258789,24.96500015258789,24.93000030517578,24.964599609375,1828,24.987687620371297,24.99598854710157,,,False
2024-12-09 12:58:00-05:00,24.94499969482422,24.94499969482422,24.75,24.809999465942383,22454,24.948201363831537,24.979080448814372,,,False
2024-12-09 12:59:00-05:00,24.770000457763672,24.799999237060547,24.770000457763672,24.799999237060547,1818,24.91526755788243,24.962800338654933,,,False
2024-12-09 13:00:00-05:00,24.81999969482422,24.914400100708008,24.81999969482422,24.914400100708008,1712,24.915074789621446,24.958400317023393,,,False
2024-12-09 13:01:00-05:00,24.836000442504883,24.91950035095215,24.81130027770996,24.91950035095215,2940,24.916058247694934,24.954863956471463,,,False
2024-12-09 13:02:00-05:00,24.85460090637207,24.91550064086914,24.85460090637207,24.91550064086914,1062,24.91593433506698,24.951285473234886,,,False
2024-12-09 13:03:00-05:00,24.85569953918457,24.85569953918457,24.799999237060547,24.799999237060547,1414,24.89017097995444,24.93753217903722,,,False
2024-12-09 13:04:00-05:00,24.780000686645508,24.82999992370605,24.770000457763672,24.809999465942383,3976,24.87235508795176,24.925938296028598,,,False
2024-12-09 13:05:00-05:00,24.81999969482422,24.81999969482422,24.76000022888184,24.770000457763672,2504,24.84960961457663,24.911762128913605,,,False
2024-12-09 13:06:00-05:00,24.76619911193848,24.8356990814209,24.76619911193848,24.770000457763672,2020,24.831918690840418,24.898874704263612,,,False
2024-12-09 13:07:00-05:00,24.76000022888184,24.79560089111328,24.75,24.763500213623047,3107,24.816714584792113,24.886567932387198,,,False
2024-12-09 13:08:00-05:00,24.729999542236328,24.790000915527344,24.71999931335449,24.76469993591309,2561,24.80515577393011,24.875489023616826,,,False
2024-12-09 13:09:00-05:00,24.82999992370605,24.850000381469727,24.809999465942383,24.850000381469727,1588,24.815121242272244,24.873171874330726,,,True
2024-12-09 13:10:00-05:00,24.82080078125,24.82080078125,24.700000762939453,24.700000762939453,6150,24.789538913531622,24.857429046022425,,,True
2024-12-09 13:11:00-05:00,24.724000930786133,24.78499984741211,24.700000762939453,24.78499984741211,5400,24.78853023217173,24.850844573421487,,,False
2024-12-09 13:12:00-05:00,24.799999237060547,24.84000015258789,24.774999618530277,24.799999237060547,2715,24.7910788999248,24.84622227011595,,,False
2024-12-09 13:13:00-05:00,24.790000915527344,24.80500030517578,24.790000915527344,24.80500030517578,410,24.794172545536128,24.84247481875775,,,False
2024-12-09 13:14:00-05:00,24.808300018310547,24.839099884033203,24.80500030517578,24.80500030517578,1247,24.79657871434494,24.839068044795752,,,False
2024-12-09 13:15:00-05:00,24.770000457763672,24.770000457763672,24.75,24.75,1012,24.786227888934953,24.83097094981432,,,False
2024-12-09 13:16:00-05:00,24.780000686645508,24.86000061035156,24.780000686645508,24.86000061035156,4094,24.802621827027533,24.833610009863158,,,False
2024-12-09 13:17:00-05:00,24.86000061035156,24.920000076293945,24.86000061035156,24.899999618530277,1484,24.824261336250363,24.839645428832895,,,False
2024-12-09 13:18:00-05:00,24.90999984741211,24.90999984741211,24.90999984741211,24.90999984741211,224,24.84331433873075,24.84604128506737,,,False
2024-12-09 13:19:00-05:00,24.90999984741211,24.920000076293945,24.901899337768555,24.90999984741211,2294,24.85813334065994,24.85185569982598,,,False
2024-12-09 13:20:00-05:00,24.89419937133789,24.93680000305176,24.89419937133789,24.92410087585449,3488,24.872792792925395,24.858423443101294,,,False
2024-12-09 13:21:00-05:00,24.950000762939453,24.959999084472656,24.920000076293945,24.959999084472656,2252,24.892171968824787,24.867657592316874,,,False
2024-12-09 13:22:00-05:00,24.96949958801269,24.96949958801269,24.920000076293945,24.93000030517578,1499,24.900578265791676,24.873325111667686,,,False
2024-12-09 13:23:00-05:00,24.959999084472656,24.979999542236328,24.920000076293945,24.95499992370605,4029,24.912671967550427,24.880750094580264,,,False
2024-12-09 13:24:00-05:00,24.959999084472656,24.959999084472656,24.920000076293945,24.93000030517578,1990,24.91652270924495,24.885227386452584,,,False
2024-12-09 13:25:00-05:00,24.93000030517578,25.030000686645508,24.93000030517578,25.030000686645508,14375,24.941740037556187,24.89838859556103,,,True
2024-12-09 13:26:00-05:00,25.01309967041016,25.030000686645508,25.01000022888184,25.01000022888184,2635,24.956908968961887,24.908535107681104,,,False
2024-12-09 13:27:00-05:00,24.989999771118164,25.016300201416016,24.959999084472656,24.97330093383789,2637,24.96055162782322,24.914422910058995,,,False
2024-12-09 13:28:00-05:00,24.98509979248047,24.98509979248047,24.951799392700195,24.951799392700195,1347,24.958606686684774,24.917820772117288,,,False
2024-12-09 13:29:00-05:00,24.95400047302246,24.989900588989254,24.950000762939453,24.950000762939453,2296,24.956694259185817,24.920746225828392,,,False
2024-12-09 13:30:00-05:00,24.920000076293945,24.920000076293945,24.84129905700684,24.84129905700684,3637,24.931050880923824,24.913523755935522,,,False
2024-12-09 13:31:00-05:00,24.864999771118164,24.864999771118164,24.825000762939453,24.825000762939453,1493,24.907484188038406,24.905476211117694,,,False
2024-12-09 13:32:00-05:00,24.836599349975582,24.836599349975582,24.774999618530277,24.790000915527344,2908,24.88137679414706,24.894978456973114,,,False
2024-12-09 13:33:00-05:00,24.790000915527344,24.90999984741211,24.790000915527344,24.90999984741211,3372,24.8877374726504,24.896344037922113,,,False
2024-12-09 13:34:00-05:00,24.875,24.875,24.850000381469727,24.850000381469727,873,24.879351452388025,24.892130978244623,,,False
2024-12-09 13:35:00-05:00,24.86000061035156,24.86000061035156,24.86000061035156,24.86000061035156,1592,24.875051265268812,24.88921003570889,,,False
2024-12-09 13:36:00-05:00,24.850000381469727,24.850000381469727,24.75,24.78499984741211,4657,24.855039839078433,24.879736382227364,,,False
2024-12-09 13:37:00-05:00,24.75,24.75,24.729999542236328,24.729999542236328,8075,24.827253106446854,24.866123942228178,,,True
2024-12-09 13:38:00-05:00,24.780000686645508,24.780000686645508,24.76000022888184,24.770000457763672,1698,24.81453029562837,24.857385443640496,,,False
2024-12-09 13:39:00-05:00,24.770000457763672,24.81999969482422,24.75,24.799999237060547,2372,24.811301171502187,24.85216851576959,,,False
2024-12-09 13:40:00-05:00,24.780000686645508,24.84000015258789,24.780000686645508,24.799999237060547,3280,24.808789630515157,24.84742585406877,,,False
2024-12-09 13:41:00-05:00,24.815000534057617,24.815000534057617,24.75,24.75,2974,24.795725268178455,24.838568958244338,,,False
2024-12-09 13:42:00-05:00,24.77989959716797,24.77989959716797,24.7504997253418,24.770000457763672,1933,24.790008643641837,24.832335458200642,,,False
2024-12-09 13:43:00-05:00,24.77580070495605,24.779699325561523,24.76499938964844,24.76499938964844,947,24.784451031643304,24.82621399742317,,,False
2024-12-09 13:44:00-05:00,24.780000686645508,24.809999465942383,24.770000457763672,24.809999465942383,2687,24.790128461487544,24.824739949106732,,,False
2024-12-09 13:45:00-05:00,24.81999969482422,24.86000061035156,24.799999237060547,24.86000061035156,2339,24.805655605679547,24.82794546376535,,,True
2024-12-09 13:46:00-05:00,24.854999542236328,24.854999542236328,24.81999969482422,24.84000015258789,1450,24.813287727214735,24.829041344567397,,,False
2024-12-09 13:47:00-05:00,24.76000022888184,24.76000022888184,24.725000381469727,24.725000381469727,3356,24.793668317049175,24.81958307519488,,,True
2024-12-09 13:48:00-05:00,24.725000381469727,24.809999465942383,24.725000381469727,24.809999465942383,3660,24.797297461247666,24.818711837990108,,,False
2024-12-09 13:49:00-05:00,24.84950065612793,24.84950065612793,24.774900436401367,24.774900436401367,1552,24.792320344615156,24.81472898330022,,,False
2024-12-09 13:50:00-05:00,24.799999237060547,24.83989906311035,24.799999237060547,24.83989906311035,543,24.802893393169644,24.81701717237387,,,False
2024-12-09 13:51:00-05:00,24.780000686645508,24.801000595092773,24.76499938964844,24.76499938964844,1761,24.794472503498266,24.812288283035194,,,False
2024-12-09 13:52:00-05:00,24.809999465942383,24.809999465942383,24.799999237060547,24.799999237060547,3554,24.795700666512104,24.8111710970375,,,False
2024-12-09 13:53:00-05:00,24.82999992370605,24.82999992370605,24.78499984741211,24.815000534057617,1862,24.799989525966666,24.811519227675696,,,False
2024-12-09 13:55:00-05:00,24.815900802612305,24.815900802612305,24.740100860595703,24.786399841308597,3834,24.79696959604265,24.80923564709687,,,False
2024-12-09 13:56:00-05:00,24.780000686645508,24.799999237060547,24.770000457763672,24.770000457763672,2456,24.790976454202877,24.805668811702944,,,False
2024-12-09 13:57:00-05:00,24.729999542236328,24.76959991455078,24.71999931335449,24.76959991455078,1881,24.786226112057967,24.802389821052746,,,False
2024-12-09 13:58:00-05:00,24.739999771118164,24.790000915527344,24.739999771118164,24.780000686645508,4370,24.784842684188533,24.80035444519754,,,False
2024-12-09 13:59:00-05:00,24.76000022888184,24.76000022888184,24.76000022888184,24.76000022888184,1434,24.779322138564826,24.79668588007793,,,True
2024-12-09 14:00:00-05:00,24.780000686645508,24.8799991607666,24.75,24.8799991607666,5685,24.80169481016522,24.80425981468599,,,True
2024-12-09 14:01:00-05:00,24.82999992370605,24.83099937438965,24.82999992370605,24.83099937438965,330,24.808206935548426,24.80669068374996,,,False
2024-12-09 14:02:00-05:00,24.809999465942383,24.809999465942383,24.799999237060547,24.799999237060547,854,24.806383002551122,24.806082370414558,,,False
2024-12-09 14:03:00-05:00,24.809999465942383,24.809999465942383,24.790000915527344,24.790000915527344,640,24.80274253876806,24.804620419970263,,,False
2024-12-09 14:04:00-05:00,24.84000015258789,24.84000015258789,24.809999465942383,24.809999465942383,510,24.804355189251243,24.805109424149546,,,False
2024-12-09 14:05:00-05:00,24.779699325561523,24.920000076293945,24.779699325561523,24.8700008392334,5780,24.8189431114695,24.81100864370262,,,False
2024-12-09 14:06:00-05:00,24.8700008392334,24.90999984741211,24.86000061035156,24.90999984741211,2483,24.83917794167897,24.820007844039846,,,False
2024-12-09 14:07:00-05:00,24.88500022888184,24.920000076293945,24.86000061035156,24.884700775146484,3717,24.849294126893973,24.825889019594996,,,False
2024-12-09 14:08:00-05:00,24.86000061035156,24.9192008972168,24.86000061035156,24.8799991607666,2050,24.856117467754558,24.83080812333787,,,False
2024-12-09 14:09:00-05:00,24.93000030517578,24.96999931335449,24.93000030517578,24.94499969482422,2601,24.87586907377004,24.841189175291174,,,False
2024-12-09 14:10:00-05:00,25.0,25.06999969482422,24.99049949645996,25.05139923095703,11111,24.91487577536715,24.860299180351706,,,True
2024-12-09 14:11:00-05:00,25.030000686645508,25.030000686645508,24.928199768066406,24.930099487304688,7676,24.91825882246438,24.866644662801978,,,False
2024-12-09 14:12:00-05:00,25.0,25.020000457763672,25.0,25.020000457763672,0,24.940868074753112,24.88058609870759,,,False
2024-12-09 14:13:00-05:00,25.02569961547852,25.04960060119629,25.024999618530277,25.04960060119629,3336,24.96503085840715,24.895951053479287,,,False
2024-12-09 14:14:00-05:00,25.04990005493164,25.04990005493164,24.920000076293945,24.934999465942383,7747,24.958357215637204,24.899500909157748,,,False
2024-12-09 14:15:00-05:00,24.90559959411621,24.920000076293945,24.90559959411621,24.920000076293945,903,24.949833406894257,24.90136446980649,,,False
2024-12-09 14:16:00-05:00,24.920000076293945,24.957599639892575,24.899999618530277,24.90999984741211,2058,24.94098150478711,24.902149504134275,,,False
2024-12-09 14:17:00-05:00,24.924999237060547,24.929800033569336,24.899999618530277,24.899999618530277,1366,24.93187441895226,24.901954059988455,,,False
2024-12-09 14:18:00-05:00,24.892000198364254,24.93000030517578,24.892000198364254,24.93000030517578,599,24.931457949224153,24.90450371864185,,,False
2024-12-09 14:19:00-05:00,24.899999618530277,24.90999984741211,24.850000381469727,24.850000381469727,2104,24.913356267500948,24.89954886980802,,,False
2024-12-09 14:20:00-05:00,24.850000381469727,24.850000381469727,24.850000381469727,24.850000381469727,898,24.89927718171623,24.895044461777264,,,False
2024-12-09 14:21:00-05:00,24.864999771118164,24.864999771118164,24.84000015258789,24.864999771118164,1075,24.891659979361105,24.8923131262628,,,False
2024-12-09 14:22:00-05:00,24.8700008392334,24.892900466918945,24.84000015258789,24.84000015258789,943,24.880180017855945,24.887557401383262,,,False
2024-12-09 14:23:00-05:00,24.8700008392334,24.8799991607666,24.84499931335449,24.850000381469727,3364,24.87347343199234,24.884143126845668,,,False
2024-12-09 14:25:00-05:00,24.81999969482422,24.81999969482422,24.729999542236328,24.729999542236328,3325,24.841590345379895,24.87013007369936,,,False
2024-12-09 14:26:00-05:00,24.71999931335449,24.71999931335449,24.65999984741211,24.670000076293945,8548,24.803459174471904,24.851936437571595,,,True
2024-12-09 14:27:00-05:00,24.690000534057617,24.75,24.690000534057617,24.70199966430664,2152,24.780912616657403,24.838305821820235,,,False
2024-12-09 14:28:00-05:00,24.690099716186523,24.78499984741211,24.690099716186523,24.75539970397949,4952,24.775243080506755,24.83076890201653,,,False
2024-12-09 14:29:00-05:00,24.75,24.773700714111328,24.75,24.75,6303,24.76963350706081,24.823426274560482,,,False
2024-12-09 14:30:00-05:00,24.739999771118164,24.770000457763672,24.738100051879883,24.770000457763672,1483,24.769715051661446,24.81856938212441,,,False
2024-12-09 14:31:00-05:00,24.770000457763672,24.78820037841797,24.770000457763672,24.78820037841797,265,24.773822902051784,24.81580856360564,,,False
2024-12-09 14:32:00-05:00,24.770000457763672,24.790000915527344,24.770000457763672,24.790000915527344,1083,24.777418016157462,24.81346241378034,,,False
2024-12-09 14:33:00-05:00,24.790000915527344,24.815000534057617,24.790000915527344,24.815000534057617,991,24.78576968680194,24.813602242896458,,,True
2024-12-09 14:34:00-05:00,24.799999237060547,24.799999237060547,24.799999237060547,24.799999237060547,749,24.78893180908163,24.812365606002285,,,False
2024-12-09 14:35:00-05:00,24.790000915527344,24.790000915527344,24.71999931335449,24.76160049438477,2129,24.78285818359344,24.80775059585524,,,False
2024-12-09 14:36:00-05:00,24.753999710083008,24.753999710083008,24.75,24.75,1246,24.77555636501712,24.80250054168658,,,False
2024-12-09 14:37:00-05:00,24.749000549316406,24.749000549316406,24.729999542236328,24.729999542236328,330,24.76543262662139,24.795909541736556,,,False
2024-12-09 14:38:00-05:00,24.709999084472656,24.770000457763672,24.709999084472656,24.770000457763672,3620,24.766447700208563,24.793554170466294,,,False
2024-12-09 14:39:00-05:00,24.745100021362305,24.79990005493164,24.745100021362305,24.770000457763672,4550,24.767237201887475,24.791412923856964,,,False
2024-12-09 14:40:00-05:00,24.770000457763672,24.770000457763672,24.709999084472656,24.7549991607666,1451,24.764517637193947,24.78810258175784,,,False
2024-12-09 14:41:00-05:00,24.7549991607666,24.7549991607666,24.688600540161133,24.688600540161133,8581,24.747647171186653,24.779056941612684,,,False
2024-12-09 14:42:00-05:00,24.670000076293945,24.684999465942383,24.649999618530277,24.649999618530277,3215,24.725947715040792,24.7673244576961,,,True
2024-12-09 14:43:00-05:00,24.67250061035156,24.77750015258789,24.66309928894043,24.77750015258789,5106,24.73740381227348,24.76824952086808,,,True
2024-12-09 14:44:00-05:00,24.770000457763672,24.770000457763672,24.71999931335449,24.76499938964844,1998,24.74353616280125,24.767954054393567,,,False
2024-12-09 14:45:00-05:00,24.809999465942383,24.809999465942383,24.770000457763672,24.770000457763672,1051,24.749417117237343,24.768140091063575,,,False
2024-12-09 14:46:00-05:00,24.77869987487793,24.77869987487793,24.770000457763672,24.774099349975582,886,24.75490205784584,24.768681841873757,,,False
2024-12-09 14:47:00-05:00,24.75,24.75,24.75,24.75,576,24.753812711657876,24.766983492612507,,,False
2024-12-09 14:48:00-05:00,24.729999542236328,24.75,24.729999542236328,24.75,2769,24.75296544240057,24.765439538738644,,,False
2024-12-09 14:49:00-05:00,24.73500061035156,24.790000915527344,24.73500061035156,24.76749992370605,3034,24.75619532713512,24.76562684646295,,,False
2024-12-09 14:50:00-05:00,24.770000457763672,24.770000457763672,24.73500061035156,24.75,1536,24.754818587771762,24.764206224057226,,,False
2024-12-09 14:51:00-05:00,24.701400756835938,24.701400756835938,24.690000534057617,24.690000534057617,1015,24.74041457583529,24.75746025223908,,,True
2024-12-09 14:52:00-05:00,24.690000534057617,24.700000762939453,24.68000030517578,24.69300079345703,1578,24.729878179751232,24.751600301440714,,,False
2024-12-09 14:53:00-05:00,24.690000534057617,24.724199295043945,24.67679977416992,24.709999084472656,1749,24.72546060302266,24.747818372625435,,,False
2024-12-09 14:54:00-05:00,24.709999084472656,24.7450008392334,24.709999084472656,24.739999771118164,1623,24.728691529266104,24.74710759067023,,,False
2024-12-09 14:55:00-05:00,24.7549991607666,24.7549991607666,24.7549991607666,24.7549991607666,343,24.734537669599547,24.747825006133535,,,False
2024-12-09 14:56:00-05:00,24.733400344848636,24.76000022888184,24.733400344848636,24.7549991607666,1302,24.73908466763667,24.74847720200927,,,False
2024-12-09 14:57:00-05:00,24.75,24.84000015258789,24.729999542236328,24.84000015258789,6016,24.761510330959165,24.75679747024369,,,False
2024-12-09 14:58:00-05:00,24.875,24.899999618530277,24.850000381469727,24.899999618530277,2678,24.79228572819719,24.76981584736065,,,False
2024-12-09 14:59:00-05:00,24.899900436401367,24.899900436401367,24.81999969482422,24.81999969482422,1892,24.798444387447642,24.774378015311882,,,False
2024-12-09 15:00:00-05:00,24.81999969482422,24.959999084472656,24.81999969482422,24.959999084472656,2345,24.83434543123098,24.79125265796286,,,False
2024-12-09 15:01:00-05:00,24.8799991607666,24.885900497436523,24.8799991607666,24.885900497436523,2561,24.84580211260999,24.79985700700592,,,False
2024-12-09 15:02:00-05:00,24.89949989318848,24.92989921569824,24.8799991607666,24.8799991607666,1155,24.853401456644793,24.8071426573478,,,False
2024-12-09 15:03:00-05:00,24.82999992370605,24.93000030517578,24.82999992370605,24.88999938964844,4306,24.861534330645604,24.81467508755695,,,False
2024-12-09 15:04:00-05:00,24.93000030517578,25.0,24.93000030517578,24.95499992370605,8680,24.882304462436814,24.827431890843233,,,False
2024-12-09 15:05:00-05:00,24.985200881958008,25.030000686645508,24.940200805664062,25.00589942932129,5802,24.909770010633363,24.843656212523054,,,False
2024-12-09 15:06:00-05:00,25.040000915527344,25.069900512695312,24.96999931335449,24.989999771118164,9720,24.927598846296654,24.856960172395336,,,False
2024-12-09 15:07:00-05:00,24.952999114990234,25.0,24.95120048522949,24.979999542236328,4996,24.939243445394357,24.868145569653606,,,False
2024-12-09 15:08:00-05:00,24.979999542236328,25.020000457763672,24.979999542236328,25.020000457763672,3928,24.95718944814309,24.881950559481794,,,False
2024-12-09 15:09:00-05:00,25.020000457763672,25.049999237060547,25.020000457763672,25.049999237060547,2321,24.977813845680302,24.89722771198895,,,False
2024-12-09 15:10:00-05:00,25.024999618530277,25.056299209594727,25.024999618530277,25.056299209594727,2751,24.995255037661284,24.91168875722584,,,True
2024-12-09 15:11:00-05:00,25.032899856567383,25.09000015258789,24.95369911193848,24.95369911193848,4254,24.98602038750066,24.915507880381533,,,True
2024-12-09 15:12:00-05:00,25.00119972229004,25.00119972229004,24.96999931335449,24.96999931335449,1211,24.982460148801508,24.920461647015436,,,False
2024-12-09 15:13:00-05:00,24.96999931335449,24.984100341796875,24.954099655151367,24.96999931335449,2947,24.979691074257723,24.924965071228076,,,False
2024-12-09 15:14:00-05:00,24.96999931335449,25.01000022888184,24.955799102783203,25.01000022888184,7456,24.98642644195197,24.93269554010569,,,False
2024-12-09 15:15:00-05:00,25.020000457763672,25.040000915527344,25.020000457763672,25.020000457763672,1270,24.993887334354568,24.94063235080187,,,False
2024-12-09 15:16:00-05:00,25.049999237060547,25.06999969482422,24.989999771118164,25.0,10824,24.995245704497997,24.946029409819882,,,False
2024-12-09 15:17:00-05:00,24.96999931335449,24.979999542236328,24.90999984741211,24.924999237060547,2262,24.979635378400783,24.944117575932673,,,True
2024-12-09 15:18:00-05:00,24.93000030517578,24.989999771118164,24.90999984741211,24.989999771118164,1287,24.981938576782422,24.948288684585897,,,False
2024-12-09 15:19:00-05:00,24.979999542236328,25.01499938964844,24.979999542236328,25.01499938964844,5712,24.989285424085985,24.954353294137036,,,False
2024-12-09 15:20:00-05:00,25.040000915527344,25.040000915527344,25.0,25.01000022888184,3543,24.99388871404062,24.959412106386562,,,False
2024-12-09 15:21:00-05:00,25.020000457763672,25.020000457763672,25.0,25.01000022888184,3781,24.997469050672,24.964011026613406,,,False
2024-12-09 15:22:00-05:00,24.950000762939453,24.989999771118164,24.950000762939453,24.989999771118164,1597,24.995809210771146,24.966373639750202,,,False
2024-12-09 15:23:00-05:00,24.93000030517578,24.972900390625,24.88999938964844,24.920000076293945,3960,24.978962736442877,24.96215786125418,,,True
2024-12-09 15:24:00-05:00,24.90999984741211,24.97010040283203,24.899999618530277,24.928800582885746,4164,24.96781559120796,24.959125381402504,,,False
2024-12-09 15:25:00-05:00,24.949899673461918,25.0,24.899999618530277,24.975000381469727,4508,24.96941221126613,24.960568563226797,,,False
2024-12-09 15:26:00-05:00,24.975000381469727,25.07999992370605,24.974899291992188,25.035499572753903,11208,24.984098291596744,24.967380473183805,,,False
2024-12-09 15:27:00-05:00,25.030000686645508,25.030000686645508,24.979999542236328,24.979999542236328,1762,24.98318745840554,24.968527661279488,,,False
2024-12-09 15:28:00-05:00,24.95499992370605,24.959999084472656,24.940000534057617,24.940000534057617,1642,24.973590364106,24.9659342860775,,,False
2024-12-09 15:29:00-05:00,24.94499969482422,24.96999931335449,24.934999465942383,24.934999465942383,1591,24.96501460895853,24.963122029701577,,,False
2024-12-09 15:30:00-05:00,24.93000030517578,24.940000534057617,24.899999618530277,24.940000534057617,2879,24.959455925647216,24.961020075552128,,,False
2024-12-09 15:31:00-05:00,24.96999931335449,25.15999984741211,24.96999931335449,25.13999938964844,22045,24.999576695425265,24.977290922288155,,,False
2024-12-09 15:32:00-05:00,25.194499969482425,25.194499969482425,25.1299991607666,25.1299991607666,1892,25.028559465501118,24.991173489422557,,,False
2024-12-09 15:33:00-05:00,25.1299991607666,25.209999084472656,25.11000061035156,25.184999465942383,10159,25.06332391004362,25.00879403274254,,,True
2024-12-09 15:34:00-05:00,25.149999618530277,25.200000762939453,25.13170051574707,25.13999938964844,3961,25.080362905511357,25.020721792461256,,,False
2024-12-09 15:35:00-05:00,25.113800048828125,25.113800048828125,25.08009910583496,25.084999084472656,2424,25.081393167502757,25.026565182644113,,,False
2024-12-09 15:36:00-05:00,25.095600128173828,25.095600128173828,25.095600128173828,25.095600128173828,352,25.084550269874107,25.032841086783176,,,False
2024-12-09 15:37:00-05:00,25.07999992370605,25.09499931335449,25.059999465942383,25.059999465942383,1928,25.079094535667057,25.0353100303431,,,False
2024-12-09 15:38:00-05:00,25.06999969482422,25.09530067443848,25.065000534057617,25.065000534057617,1897,25.075962535309404,25.038009167044418,,,False
2024-12-09 15:39:00-05:00,25.03459930419922,25.09000015258789,25.03459930419922,25.09000015258789,2845,25.079082005815735,25.042735620275643,,,False
2024-12-09 15:40:00-05:00,25.100000381469727,25.13139915466309,25.07999992370605,25.130199432373047,5005,25.09044143393958,25.050686875920864,,,True
2024-12-09 15:41:00-05:00,25.09499931335449,25.1289005279541,25.070199966430664,25.070199966430664,3764,25.08594333004871,25.052460793239934,,,False
2024-12-09 15:42:00-05:00,25.06999969482422,25.06999969482422,25.0,25.0,7910,25.066844812260108,25.04769163021812,,,False
2024-12-09 15:43:00-05:00,25.025299072265625,25.02589988708496,24.964799880981445,25.020000457763672,4193,25.056434955705342,25.045174250904083,,,False
2024-12-09 15:44:00-05:00,25.030000686645508,25.07999992370605,25.01000022888184,25.030000686645508,2367,25.050560673692043,25.043794835971482,,,False
2024-12-09 15:45:00-05:00,25.030000686645508,25.030000686645508,24.97010040283203,24.97010040283203,4278,25.03268061350093,25.037095342049714,,,True
2024-12-09 15:46:00-05:00,24.989999771118164,25.0,24.979999542236328,25.0,3257,25.025418254945166,25.033723038227013,,,False
2024-12-09 15:47:00-05:00,25.0,25.01219940185547,24.979999542236328,25.01219940185547,1248,25.022480732036342,25.03176634401142,,,False
2024-12-09 15:48:00-05:00,25.0,25.049999237060547,25.0,25.040000915527344,5048,25.026374106145454,25.032514941421958,,,False
2024-12-09 15:49:00-05:00,25.030000686645508,25.05990028381348,25.030000686645508,25.03499984741211,3154,25.028290937538042,25.03274084196652,,,False
2024-12-09 15:50:00-05:00,25.037500381469727,25.11709976196289,25.03499984741211,25.115100860595703,5890,25.047582031550853,25.040228116387354,,,False
2024-12-09 15:51:00-05:00,25.1200008392334,25.170000076293945,25.10090065002441,25.10090065002441,5797,25.059430613433864,25.04574380126345,,,False
2024-12-09 15:52:00-05:00,25.100000381469727,25.12700080871582,25.100000381469727,25.116100311279297,1431,25.07202387962174,25.052139847628528,,,False
2024-12-09 15:53:00-05:00,25.08880043029785,25.209999084472656,25.07999992370605,25.200000762939453,24581,25.100463187025674,25.065581749020428,,,False
2024-12-09 15:54:00-05:00,25.209999084472656,25.280000686645508,25.200000762939453,25.248899459838867,9936,25.133449025428607,25.08224699545847,,,False
2024-12-09 15:55:00-05:00,25.150400161743164,25.25,25.150400161743164,25.200000762939453,12235,25.148238300431018,25.092951883411285,,,False
2024-12-09 15:56:00-05:00,25.20210075378418,25.269899368286133,25.200000762939453,25.221399307250977,18269,25.164496301946564,25.104628921942165,,,False
2024-12-09 15:57:00-05:00,25.23699951171875,25.239999771118164,25.209999084472656,25.21999931335449,14467,25.17683030448166,25.115117139343283,,,False
2024-12-09 15:58:00-05:00,25.270000457763672,25.309999465942383,25.259899139404297,25.299999237060547,11487,25.20420117838808,25.131924602772123,,,False
2024-12-09 15:59:00-05:00,25.299999237060547,25.350000381469727,25.209999084472656,25.209999084472656,47646,25.20548960196243,25.139022282926714,,,False
