Datetime,Open,High,Low,Close,Volume,Trend,TrendStrength,IsReversal,SMA5,SMA20
2024-12-17 09:30:00-05:00,26.3799991607666,26.38999938964844,26.1200008392334,26.229999542236328,0,None,0.0,False,,
2024-12-17 09:31:00-05:00,26.239999771118164,26.700000762939453,26.059999465942383,26.700000762939453,51319,None,0.0,False,,
2024-12-17 09:32:00-05:00,26.69700050354004,27.095199584960938,26.530000686645508,26.95499992370605,68013,None,0.0,False,,
2024-12-17 09:33:00-05:00,26.95499992370605,27.170000076293945,26.82999992370605,27.07999992370605,27276,None,0.0,False,,
2024-12-17 09:34:00-05:00,26.958999633789062,27.11000061035156,26.88999938964844,26.94420051574707,18881,None,0.2852304382768643,False,26.781840133666993,
2024-12-17 09:35:00-05:00,26.94650077819824,27.01000022888184,26.549999237060547,26.709999084472656,22596,None,0.36041151606986205,False,26.877840042114258,
2024-12-17 09:36:00-05:00,26.899999618530277,26.940000534057617,26.6200008392334,26.93950080871582,14307,None,0.21206865884027037,False,26.925740051269532,
2024-12-17 09:37:00-05:00,26.940000534057617,26.989999771118164,26.850000381469727,26.940000534057617,30064,None,0.05541471382228112,False,26.922740173339843,
2024-12-17 09:38:00-05:00,26.96759986877441,26.96759986877441,26.42770004272461,26.559999465942383,56466,None,0.75,False,26.81874008178711,
2024-12-17 09:39:00-05:00,26.449499130249023,26.71999931335449,26.449499130249023,26.5,11068,None,0.2164791174974899,False,26.729899978637697,
2024-12-17 09:40:00-05:00,26.564699172973636,26.564699172973636,25.75,25.82999992370605,80797,None,0.75,False,26.553900146484374,
2024-12-17 09:41:00-05:00,25.80109977722168,25.990699768066406,25.773399353027344,25.990699768066406,27885,None,0.3792381237334929,False,26.36413993835449,
2024-12-17 09:42:00-05:00,25.950000762939453,26.23500061035156,25.950000762939453,26.11000061035156,13407,None,0.18308320474129103,False,26.198139953613282,
2024-12-17 09:43:00-05:00,26.10890007019043,26.190000534057617,26.01000022888184,26.100000381469727,10746,None,0.16089315213431218,False,26.10614013671875,
2024-12-17 09:44:00-05:00,26.11000061035156,26.11000061035156,25.850000381469727,25.86000061035156,10280,None,0.20002205171776394,False,25.978140258789058,
2024-12-17 09:45:00-05:00,25.800500869750977,25.8700008392334,25.56999969482422,25.664100646972656,36001,None,0.6029779584180084,False,25.944960403442384,
2024-12-17 09:46:00-05:00,25.73450088500977,25.802600860595703,25.3700008392334,25.51000022888184,53835,None,0.75,False,25.84882049560547,
2024-12-17 09:47:00-05:00,25.520000457763672,25.591100692749023,25.35169982910156,25.450000762939453,11489,None,0.253885590536101,False,25.716820526123048,
2024-12-17 09:48:00-05:00,25.36000061035156,25.5,25.31999969482422,25.45499992370605,21438,None,0.4472803900159261,False,25.58782043457031,
2024-12-17 09:49:00-05:00,25.44540023803711,25.44540023803711,25.200000762939453,25.30500030517578,33708,Down,0.9702994284891846,False,25.476820373535155,26.241675186157227
2024-12-17 09:50:00-05:00,25.26000022888184,25.299999237060547,25.01099967956543,25.08970069885254,34457,Down,0.8662616274197603,False,25.361940383911133,26.184660243988038
2024-12-17 09:51:00-05:00,25.15999984741211,25.359899520874023,25.101600646972656,25.200000762939453,19706,Down,0.5416433320162856,False,25.299940490722655,26.10966024398804
2024-12-17 09:52:00-05:00,25.100000381469727,25.270000457763672,25.07999992370605,25.270000457763672,8032,None,0.29925948924939844,False,25.2639404296875,26.02541027069092
2024-12-17 09:53:00-05:00,25.239999771118164,25.26580047607422,25.0900993347168,25.170000076293945,12341,Down,0.4567850588362301,False,25.20694046020508,25.929910278320314
2024-12-17 09:54:00-05:00,25.100000381469727,25.21999931335449,25.058500289916992,25.1299991607666,18305,Down,0.6943081336083257,False,25.17194023132324,25.83920021057129
2024-12-17 09:55:00-05:00,25.13999938964844,25.200000762939453,25.06999969482422,25.15999984741211,6176,Down,0.21713006187471767,False,25.186000061035156,25.761700248718263
2024-12-17 09:56:00-05:00,25.15999984741211,25.38990020751953,25.15999984741211,25.280000686645508,12039,None,0.5822739984602564,False,25.202000045776366,25.678725242614746
2024-12-17 09:57:00-05:00,25.26000022888184,25.406299591064453,25.2588005065918,25.299999237060547,30042,None,0.6280695216864856,False,25.207999801635744,25.596725177764892
2024-12-17 09:58:00-05:00,25.36590003967285,25.479999542236328,25.309999465942383,25.459999084472656,8655,None,0.47447406290687316,False,25.265999603271485,25.541725158691406
2024-12-17 09:59:00-05:00,25.399999618530277,25.399999618530277,25.299999237060547,25.34499931335449,26710,None,1.0,False,25.308999633789064,25.48397512435913
2024-12-17 10:00:00-05:00,25.309999465942383,25.401599884033203,25.309999465942383,25.364999771118164,5439,None,0.2310173376957504,False,25.349999618530273,25.460725116729737
2024-12-17 10:01:00-05:00,25.395999908447266,25.418100357055664,25.309999465942383,25.418100357055664,54038,None,0.8463900809752425,False,25.377619552612305,25.4320951461792
2024-12-17 10:02:00-05:00,25.32360076904297,25.700000762939453,25.32360076904297,25.63999938964844,30501,None,0.6403648638192497,False,25.445619583129883,25.408595085144043
2024-12-17 10:03:00-05:00,25.697999954223636,25.709999084472656,25.420000076293945,25.56089973449707,10594,None,0.23182788581065153,False,25.465799713134764,25.38164005279541
2024-12-17 10:04:00-05:00,25.440000534057617,25.52519989013672,25.38999938964844,25.5,6672,None,0.19649337832639713,False,25.496799850463866,25.36364002227783
2024-12-17 10:05:00-05:00,25.46999931335449,25.480300903320312,25.3799991607666,25.3799991607666,4339,None,0.055315431843809146,False,25.499799728393555,25.34943494796753
2024-12-17 10:06:00-05:00,25.419099807739254,25.600000381469727,25.350000381469727,25.549999237060547,9413,None,0.3454390141919451,False,25.52617950439453,25.351434898376464
2024-12-17 10:07:00-05:00,25.600000381469727,25.6427001953125,25.57349967956543,25.63999938964844,7667,None,0.12996965323857756,False,25.52617950439453,25.360934829711915
2024-12-17 10:08:00-05:00,25.690000534057617,25.850000381469727,25.600099563598636,25.82999992370605,11009,None,0.9793409503928407,False,25.57999954223633,25.379684829711913
2024-12-17 10:09:00-05:00,25.920000076293945,25.947999954223636,25.790000915527344,25.80500030517578,11902,None,1.0,False,25.640999603271485,25.404684829711915
2024-12-17 10:10:00-05:00,25.809999465942383,25.809999465942383,25.65999984741211,25.70560073852539,14756,None,1.0,False,25.70611991882324,25.435479831695556
2024-12-17 10:11:00-05:00,25.649999618530277,25.655000686645508,25.540000915527344,25.59000015258789,14869,None,0.5850880088983742,False,25.71412010192871,25.454979801177977
2024-12-17 10:12:00-05:00,25.520000457763672,25.579500198364254,25.309999465942383,25.350000381469727,60444,None,1.0,False,25.65612030029297,25.45897979736328
2024-12-17 10:13:00-05:00,25.350000381469727,25.350000381469727,25.299999237060547,25.299999237060547,6004,None,0.18157082209859562,False,25.550120162963868,25.46547975540161
2024-12-17 10:14:00-05:00,25.28009986877441,25.299999237060547,25.209999084472656,25.289899826049805,12362,None,0.32732979666724515,False,25.44710006713867,25.473474788665772
2024-12-17 10:15:00-05:00,25.200000762939453,25.21999931335449,24.750900268554688,24.77050018310547,53151,Down,1.0,False,25.26007995605469,25.45399980545044
2024-12-17 10:16:00-05:00,24.750099182128903,25.036800384521484,24.75,24.888599395751957,27564,Down,0.7586683028085829,False,25.1197998046875,25.434429740905763
2024-12-17 10:17:00-05:00,24.850000381469727,25.059999465942383,24.799999237060547,25.059999465942383,20445,None,0.5452908818136356,False,25.061799621582033,25.422429752349853
2024-12-17 10:18:00-05:00,25.1299991607666,25.1299991607666,24.989999771118164,25.01000022888184,13993,None,0.5030475063474112,False,25.003799819946288,25.399929809570313
2024-12-17 10:19:00-05:00,25.0049991607666,25.04179954528809,24.86000061035156,24.86009979248047,7016,Down,0.250327433825661,False,24.917839813232423,25.375684833526613
2024-12-17 10:20:00-05:00,24.90839958190918,25.0,24.899999618530277,24.899999618530277,5491,None,0.20646091179696066,False,24.943739700317384,25.352434825897216
2024-12-17 10:21:00-05:00,24.950000762939453,24.950000762939453,24.816999435424805,24.816999435424805,6098,Down,0.26675226925892276,False,24.929419708251952,25.322379779815673
2024-12-17 10:22:00-05:00,24.81999969482422,25.0,24.802000045776367,24.90920066833496,7108,None,0.5672125151701551,False,24.899259948730467,25.28583984375
2024-12-17 10:23:00-05:00,24.998199462890625,25.0,24.91010093688965,24.96999931335449,5093,None,0.31373104058658524,False,24.891259765625,25.256294822692873
2024-12-17 10:24:00-05:00,24.934200286865234,25.05699920654297,24.899999618530277,24.899999618530277,7157,None,0.5208935401843098,False,24.89923973083496,25.226294803619385
2024-12-17 10:25:00-05:00,24.916900634765625,24.92989921569824,24.809999465942383,24.91160011291504,4050,None,0.24065195466189976,False,24.901559829711914,25.202874851226806
2024-12-17 10:26:00-05:00,24.997900009155277,25.049999237060547,24.950000762939453,25.0,8194,None,1.0,False,24.938159942626953,25.175374889373778
2024-12-17 10:27:00-05:00,24.989999771118164,25.09000015258789,24.989999771118164,25.049999237060547,5005,None,0.5858965789793369,False,24.96631965637207,25.145874881744383
2024-12-17 10:28:00-05:00,25.06999969482422,25.06999969482422,25.040000915527344,25.040000915527344,5553,None,0.4096481597682086,False,24.98031997680664,25.10637493133545
2024-12-17 10:29:00-05:00,25.00749969482422,25.012500762939453,24.91080093383789,24.93779945373535,3788,None,0.16280878076476515,False,24.987879943847656,25.063014888763426
2024-12-17 10:30:00-05:00,24.940000534057617,25.080699920654297,24.940000534057617,25.010099411010746,2997,None,0.2553589607695557,False,25.0075798034668,25.028239822387697
2024-12-17 10:31:00-05:00,25.0,25.149999618530277,25.0,25.149999618530277,9967,None,0.8063978002484432,False,25.03757972717285,25.006239795684813
2024-12-17 10:32:00-05:00,25.149999618530277,25.15369987487793,25.05620002746582,25.05620002746582,7140,None,0.1013448452162041,False,25.038819885253908,24.99154977798462
2024-12-17 10:33:00-05:00,25.1299991607666,25.1299991607666,25.059999465942383,25.059999465942383,705,None,0.021865850222357864,False,25.042819595336915,24.97954978942871
2024-12-17 10:34:00-05:00,25.066200256347656,25.100000381469727,25.00860023498535,25.00860023498535,7226,None,0.5365926191060469,False,25.056979751586915,24.965484809875488
2024-12-17 10:35:00-05:00,25.049999237060547,25.06940078735352,25.01180076599121,25.045000076293945,1998,None,0.09632991621547249,False,25.063959884643555,24.97920980453491
2024-12-17 10:36:00-05:00,25.020000457763672,25.059999465942383,24.960100173950195,24.960100173950195,6770,None,0.6631058204320972,False,25.02597999572754,24.982784843444826
2024-12-17 10:37:00-05:00,24.97170066833496,25.239999771118164,24.97170066833496,25.18000030517578,28237,None,0.8527049417081556,False,25.050740051269532,24.988784885406496
2024-12-17 10:38:00-05:00,25.23500061035156,25.285400390625,25.21999931335449,25.274999618530277,5946,None,0.42772869150780596,False,25.09374008178711,25.002034854888915
2024-12-17 10:39:00-05:00,25.299999237060547,25.299999237060547,25.210100173950195,25.210100173950195,2191,None,0.15998189728736897,False,25.134040069580077,25.019534873962403
2024-12-17 10:40:00-05:00,25.15999984741211,25.15999984741211,25.1200008392334,25.156200408935547,13024,None,0.7960464562699077,False,25.1562801361084,25.032344913482667
2024-12-17 10:41:00-05:00,25.13999938964844,25.15449905395508,25.114999771118164,25.13610076904297,7951,None,0.49960018735988215,False,25.191480255126955,25.048299980163574
2024-12-17 10:42:00-05:00,25.100000381469727,25.100000381469727,25.030000686645508,25.034500122070312,6346,None,0.3760653167121816,False,25.16238021850586,25.054564952850342
2024-12-17 10:43:00-05:00,25.07379913330078,25.07999992370605,25.059999465942383,25.07999992370605,6068,None,0.504830462243567,False,25.123380279541017,25.06006498336792
2024-12-17 10:44:00-05:00,25.07999992370605,25.145000457763672,25.07999992370605,25.145000457763672,4079,None,0.1874482926556527,False,25.11036033630371,25.07231502532959
2024-12-17 10:45:00-05:00,25.149999618530277,25.189699172973636,25.120100021362305,25.189699172973636,10635,None,0.22556819641144152,False,25.117060089111327,25.08621997833252
2024-12-17 10:46:00-05:00,25.13999938964844,25.13999938964844,25.09499931335449,25.10219955444336,4081,None,0.09849907179462748,False,25.110279846191407,25.091329956054686
2024-12-17 10:47:00-05:00,25.11000061035156,25.11000061035156,24.940000534057617,24.940000534057617,11298,None,0.576171801100448,False,25.091379928588868,25.08583002090454
2024-12-17 10:48:00-05:00,24.940000534057617,24.950000762939453,24.899999618530277,24.940000534057617,17862,None,0.7813086848671655,False,25.06338005065918,25.080830001831053
2024-12-17 10:49:00-05:00,24.93000030517578,24.950000762939453,24.920000076293945,24.94540023803711,1581,None,0.10897633378168994,False,25.02346000671387,25.08121004104614
2024-12-17 10:50:00-05:00,24.93000030517578,24.959999084472656,24.81999969482422,24.86000061035156,13095,Down,0.8574799758859112,False,24.957520294189454,25.073705101013182
2024-12-17 10:51:00-05:00,24.84000015258789,24.940000534057617,24.830299377441406,24.905000686645508,6680,None,0.4930460792285004,False,24.918080520629882,25.061455154418944
2024-12-17 10:52:00-05:00,24.864999771118164,24.875,24.82999992370605,24.850000381469727,3074,Down,0.18646171544877585,False,24.900080490112305,25.051145172119142
2024-12-17 10:53:00-05:00,24.864999771118164,24.88999938964844,24.857999801635746,24.864999771118164,1734,Down,0.11531990717661401,False,24.885080337524414,25.04139518737793
2024-12-17 10:54:00-05:00,24.899999618530277,24.920000076293945,24.8799991607666,24.8799991607666,3313,Down,0.3084922288269976,False,24.87200012207031,25.034965133666994
2024-12-17 10:55:00-05:00,24.868799209594727,24.868799209594727,24.799999237060547,24.834999084472656,3395,Down,0.18835813391859055,False,24.86699981689453,25.024465084075928
2024-12-17 10:56:00-05:00,24.86000061035156,24.8700008392334,24.770000457763672,24.85099983215332,8193,Down,0.61807711838786,False,24.856199645996092,25.019010066986084
2024-12-17 10:57:00-05:00,24.799999237060547,24.83799934387207,24.76799964904785,24.83799934387207,2507,Down,0.15302880915526618,False,24.853799438476564,25.0019100189209
2024-12-17 10:58:00-05:00,24.850000381469727,24.8700008392334,24.82999992370605,24.854999542236328,6957,Down,0.2929038561719353,False,24.851799392700194,24.9809100151062
2024-12-17 10:59:00-05:00,24.877500534057617,24.877500534057617,24.834999084472656,24.86440086364746,4830,Down,0.19935052510701942,False,24.848679733276366,24.963625049591066
2024-12-17 11:00:00-05:00,24.84429931640625,24.865699768066406,24.804399490356445,24.804399490356445,1804,Down,0.09682034694555351,False,24.842559814453125,24.94603500366211
2024-12-17 11:01:00-05:00,24.81999969482422,24.84000015258789,24.75,24.82999992370605,11807,Down,0.2934831131002696,False,24.838359832763672,24.930729961395265
2024-12-17 11:02:00-05:00,24.8700008392334,24.93000030517578,24.82999992370605,24.8700008392334,2063,Down,0.09187046915955514,False,24.844760131835937,24.92250499725342
2024-12-17 11:03:00-05:00,24.850000381469727,24.959999084472656,24.84000015258789,24.926000595092773,6839,None,0.4221882106338231,False,24.858960342407226,24.914805030822755
2024-12-17 11:04:00-05:00,24.920000076293945,24.959999084472656,24.87730026245117,24.87730026245117,5216,Down,0.0960480243115084,False,24.861540222167967,24.901420021057127
2024-12-17 11:05:00-05:00,24.920000076293945,24.920000076293945,24.63999938964844,24.729999542236328,32895,Down,0.5073939971154092,False,24.846660232543947,24.878435039520262
2024-12-17 11:06:00-05:00,24.709999084472656,24.709999084472656,24.629199981689453,24.6299991607666,8466,Down,0.4213514239740026,False,24.806660079956053,24.854825019836426
2024-12-17 11:07:00-05:00,24.739999771118164,24.7450008392334,24.739999771118164,24.7450008392334,1068,Down,0.06533814985323066,False,24.781660079956055,24.845075035095213
2024-12-17 11:09:00-05:00,24.780000686645508,24.780000686645508,24.780000686645508,24.780000686645508,22178,None,0.9033059949313831,False,24.752460098266603,24.83707504272461
2024-12-17 11:10:00-05:00,24.799999237060547,24.799999237060547,24.71999931335449,24.71999931335449,1155,Down,0.06118338884135399,False,24.72099990844726,24.82580499649048
2024-12-17 11:11:00-05:00,24.75609970092773,24.850000381469727,24.739999771118164,24.850000381469727,3403,None,0.17189556431322323,False,24.745000076293945,24.825304985046387
2024-12-17 11:12:00-05:00,24.77039909362793,24.82999992370605,24.77039909362793,24.790000915527344,2871,None,0.24268795735434798,False,24.777000427246094,24.819554996490478
2024-12-17 11:13:00-05:00,24.8799991607666,24.895000457763672,24.8799991607666,24.895000457763672,1587,None,0.15285407809748383,False,24.807000350952148,24.821805000305176
2024-12-17 11:14:00-05:00,24.928699493408203,25.15999984741211,24.928699493408203,25.15999984741211,9730,None,0.7933040734898126,False,24.88300018310547,24.836555004119873
2024-12-17 11:15:00-05:00,25.100000381469727,25.100000381469727,25.07999992370605,25.07999992370605,1040,None,0.1989817565653194,False,24.95500030517578,24.846555042266846
2024-12-17 11:16:00-05:00,25.05500030517578,25.079599380493164,25.049999237060547,25.079599380493164,1414,None,0.28422393232115256,False,25.00092010498047,24.85878505706787
2024-12-17 11:17:00-05:00,25.05500030517578,25.05500030517578,24.86359977722168,24.870100021362305,6939,None,0.7692220308435878,False,25.01693992614746,24.85974006652832
2024-12-17 11:18:00-05:00,24.93000030517578,24.979999542236328,24.93000030517578,24.93000030517578,1825,None,0.16188338783992462,False,25.023939895629884,24.864340114593507
2024-12-17 11:19:00-05:00,24.86000061035156,24.90369987487793,24.810300827026367,24.86000061035156,4024,None,0.5993160300007621,False,24.963940048217772,24.864590167999268
2024-12-17 11:20:00-05:00,24.86000061035156,24.8700008392334,24.81999969482422,24.850000381469727,3431,None,0.6231465163190348,False,24.917940139770508,24.86387014389038
2024-12-17 11:21:00-05:00,24.81999969482422,24.87260055541992,24.81999969482422,24.82999992370605,65,None,0.011094501258564935,False,24.868020248413085,24.86515016555786
2024-12-17 11:22:00-05:00,24.850000381469727,24.8799991607666,24.850000381469727,24.8799991607666,2840,None,0.037991896054326055,False,24.870000076293945,24.86765012741089
2024-12-17 11:23:00-05:00,24.8799991607666,24.950000762939453,24.8799991607666,24.899999618530277,657,None,0.03884670828319058,False,24.863999938964845,24.86915006637573
2024-12-17 11:24:00-05:00,24.915000915527344,24.950000762939453,24.5,24.549999237060547,36399,Down,0.8375547039647417,False,24.801999664306642,24.850349998474123
2024-12-17 11:25:00-05:00,24.530000686645508,24.6299991607666,24.51000022888184,24.6299991607666,6533,Down,0.4684199946729682,False,24.757999420166016,24.83798494338989
2024-12-17 11:26:00-05:00,24.53249931335449,24.758899688720703,24.520000457763672,24.697399139404297,3522,None,0.2647753131680729,False,24.731479263305665,24.83635492324829
2024-12-17 11:27:00-05:00,24.709999084472656,24.774999618530277,24.69079971313477,24.69079971313477,6732,None,0.48174074200467726,False,24.6936393737793,24.839394950866698
2024-12-17 11:28:00-05:00,24.739900588989254,24.739999771118164,24.690000534057617,24.690000534057617,3517,None,0.26615398955834924,False,24.651639556884767,24.83664493560791
2024-12-17 11:29:00-05:00,24.72649955749512,24.739999771118164,24.684999465942383,24.739999771118164,3530,None,0.2374112441581748,False,24.68963966369629,24.834644889831544
2024-12-17 11:30:00-05:00,24.74349975585937,24.74349975585937,24.71999931335449,24.71999931335449,7376,None,0.7357041200770247,False,24.707639694213867,24.834644889831544
2024-12-17 11:31:00-05:00,24.748699188232425,24.75,24.674999237060547,24.674999237060547,8276,None,0.3585186798368547,False,24.703159713745116,24.825894832611084
2024-12-17 11:32:00-05:00,24.68000030517578,24.700000762939453,24.68000030517578,24.690000534057617,2034,None,0.056523363527177115,False,24.702999877929688,24.8208948135376
2024-12-17 11:33:00-05:00,24.72209930419922,24.789899826049805,24.700000762939453,24.75,3827,None,0.291265438510375,False,24.714999771118165,24.813644790649413
2024-12-17 11:34:00-05:00,24.709999084472656,24.790000915527344,24.709999084472656,24.790000915527344,2583,None,0.16099145571953435,False,24.725,24.795144844055176
2024-12-17 11:35:00-05:00,24.849899291992188,24.850000381469727,24.81999969482422,24.850000381469727,2932,None,0.3511601941377555,False,24.751000213623048,24.78364486694336
2024-12-17 11:36:00-05:00,24.850099563598636,24.93000030517578,24.850099563598636,24.93000030517578,2884,None,0.4079391152915569,False,24.802000427246092,24.77616491317749
2024-12-17 11:37:00-05:00,24.922700881958008,24.922700881958008,24.905000686645508,24.905000686645508,931,None,0.2137286596234724,False,24.84500045776367,24.77790994644165
2024-12-17 11:38:00-05:00,24.905000686645508,24.959999084472656,24.905000686645508,24.959999084472656,1434,None,0.3716495237940888,False,24.887000274658202,24.779409885406494
2024-12-17 11:39:00-05:00,24.94499969482422,24.989999771118164,24.94499969482422,24.979999542236328,2893,None,0.850243919148187,False,24.925,24.78540983200073
2024-12-17 11:40:00-05:00,25.0,25.049999237060547,24.975000381469727,25.013900756835938,3617,None,1.0,False,24.95778007507324,24.793604850769043
2024-12-17 11:41:00-05:00,25.020000457763672,25.149999618530277,25.020000457763672,25.129600524902344,3032,None,0.8962419839667549,False,24.997700119018553,24.808584880828857
2024-12-17 11:42:00-05:00,25.09000015258789,25.15999984741211,25.01000022888184,25.15999984741211,3196,None,0.9818160050165123,False,25.048699951171876,24.822584915161134
2024-12-17 11:43:00-05:00,25.199899673461918,25.239999771118164,25.199899673461918,25.23360061645508,8415,None,1.0,False,25.10342025756836,24.839264965057374
2024-12-17 11:44:00-05:00,25.298099517822266,25.36000061035156,25.26499938964844,25.353700637817383,4894,None,0.9018773755134948,True,25.17816047668457,24.879450035095214
2024-12-17 11:45:00-05:00,25.36000061035156,25.38999938964844,25.299999237060547,25.309999465942383,20780,Up,1.0,False,25.23738021850586,24.913450050354005
2024-12-17 11:46:00-05:00,25.290000915527344,25.31999969482422,25.23600006103516,25.31999969482422,1884,Up,0.21428876092983581,False,25.275460052490235,24.944580078125
2024-12-17 11:47:00-05:00,25.32999992370605,25.34000015258789,25.295000076293945,25.295000076293945,2434,Up,0.28082590197822277,False,25.3024600982666,24.97479009628296
2024-12-17 11:48:00-05:00,25.21629905700684,25.23500061035156,25.10090065002441,25.109100341796875,23592,None,1.0,False,25.27756004333496,24.99574508666992
2024-12-17 11:49:00-05:00,25.14139938354492,25.162399291992188,25.04750061035156,25.04750061035156,1673,None,0.13554223112741484,False,25.216320037841797,25.011120128631593
2024-12-17 11:50:00-05:00,25.084999084472656,25.1299991607666,25.07999992370605,25.11000061035156,3987,None,0.2969348309254198,False,25.176320266723632,25.030620193481447
2024-12-17 11:51:00-05:00,25.114999771118164,25.212499618530277,25.114999771118164,25.212499618530277,1355,None,0.12595690524453582,False,25.154820251464844,25.057495212554933
2024-12-17 11:52:00-05:00,25.249099731445312,25.249099731445312,25.109699249267575,25.11000061035156,3489,None,0.3134899255987205,False,25.11782035827637,25.078495216369628
2024-12-17 11:53:00-05:00,25.11000061035156,25.117700576782227,25.059999465942383,25.059999465942383,5573,None,0.17894725693432742,False,25.108000183105467,25.09399518966675
2024-12-17 11:54:00-05:00,25.059999465942383,25.06999969482422,24.959999084472656,24.959999084472656,4593,None,0.4848685924449326,False,25.090499877929688,25.102495098114012
2024-12-17 11:55:00-05:00,24.964500427246094,24.970800399780277,24.920000076293945,24.920000076293945,3000,None,0.4614547588140883,False,25.052499771118164,25.105995082855223
2024-12-17 11:56:00-05:00,24.98940086364746,25.030000686645508,24.96199989318848,25.030000686645508,2879,None,0.5073211190697373,False,25.01599998474121,25.11099510192871
2024-12-17 11:57:00-05:00,25.0,25.0674991607666,25.0,25.0674991607666,1596,None,0.13712317657864398,False,25.00749969482422,25.119120025634764
2024-12-17 11:58:00-05:00,25.059999465942383,25.065000534057617,25.045900344848636,25.065000534057617,801,None,0.04125631543494412,False,25.008499908447266,25.124370098114014
2024-12-17 11:59:00-05:00,25.040000915527344,25.049999237060547,25.008899688720703,25.008899688720703,2088,None,0.27164394058755875,False,25.018280029296875,25.12581510543823
2024-12-17 12:00:00-05:00,25.0398006439209,25.1200008392334,25.0398006439209,25.065000534057617,2404,None,0.6742167836002887,False,25.04728012084961,25.128370094299317
2024-12-17 12:01:00-05:00,25.05500030517578,25.059999465942383,25.020000457763672,25.059999465942383,4178,None,0.3080345111316113,False,25.053279876708984,25.124890041351318
2024-12-17 12:02:00-05:00,25.02050018310547,25.02050018310547,25.01679992675781,25.01679992675781,248,None,0.03831311978123942,False,25.043140029907224,25.117730045318602
2024-12-17 12:03:00-05:00,25.01000022888184,25.020000457763672,24.947999954223636,24.947999954223636,1919,None,0.5607874198188383,False,25.01973991394043,25.10345001220703
2024-12-17 12:04:00-05:00,24.989999771118164,25.084999084472656,24.989999771118164,25.084999084472656,892,None,0.16888683649236164,False,25.03495979309082,25.090014934539795
2024-12-17 12:05:00-05:00,25.040000915527344,25.040000915527344,25.040000915527344,25.040000915527344,108,None,0.010331499106987094,False,25.029959869384765,25.076515007019044
2024-12-17 12:06:00-05:00,25.07999992370605,25.12989997863769,25.04990005493164,25.04990005493164,3791,None,0.12341874913934897,False,25.027939987182616,25.063010025024415
2024-12-17 12:07:00-05:00,25.09000015258789,25.149999618530277,25.049999237060547,25.114999771118164,1162,None,0.34365007342325055,False,25.047579956054687,25.054010009765626
2024-12-17 12:08:00-05:00,25.108400344848636,25.200000762939453,25.108400344848636,25.19499969482422,4009,None,0.8194528901962874,False,25.096979904174805,25.05830497741699
2024-12-17 12:09:00-05:00,25.21999931335449,25.31999969482422,25.200000762939453,25.260099411010746,10758,Up,0.8632049427231916,False,25.131999969482425,25.06893491744995
2024-12-17 12:10:00-05:00,25.299999237060547,25.299999237060547,25.25779914855957,25.25779914855957,932,Up,0.16666079943193934,False,25.17555961608887,25.07632484436035
2024-12-17 12:11:00-05:00,25.26000022888184,25.274200439453125,25.17009925842285,25.26000022888184,3226,Up,0.5399809629967462,False,25.217579650878907,25.07869987487793
2024-12-17 12:12:00-05:00,25.200000762939453,25.200000762939453,25.200000762939453,25.200000762939453,155,None,0.023867972127807637,False,25.234579849243165,25.083199882507323
2024-12-17 12:13:00-05:00,25.209999084472656,25.209999084472656,25.209999084472656,25.209999084472656,489,None,0.03525656163362905,False,25.23757972717285,25.090699863433837
2024-12-17 12:14:00-05:00,25.18000030517578,25.27989959716797,25.17020034790039,25.27989959716797,2330,Up,0.18716432073364703,False,25.241539764404298,25.106694889068603
2024-12-17 12:15:00-05:00,25.19910049438477,25.23500061035156,25.190000534057617,25.190000534057617,724,None,0.21960519897210062,False,25.227980041503905,25.120194911956787
2024-12-17 12:16:00-05:00,25.198299407958984,25.229999542236328,25.198299407958984,25.229999542236328,660,Up,0.11922764067715268,False,25.221979904174805,25.130194854736327
2024-12-17 12:17:00-05:00,25.21999931335449,25.223499298095703,25.18120002746582,25.21999931335449,2034,None,0.27685652471422023,False,25.225979614257813,25.137819862365724
2024-12-17 12:18:00-05:00,25.200000762939453,25.229999542236328,25.15999984741211,25.18000030517578,2668,None,0.3152460093108646,False,25.21997985839844,25.14356985092163
2024-12-17 12:19:00-05:00,25.205799102783203,25.205799102783203,25.205799102783203,25.205799102783203,371,None,0.08989002263539386,False,25.205159759521486,25.153414821624757
2024-12-17 12:20:00-05:00,25.149999618530277,25.150999069213867,25.149999618530277,25.150999069213867,1897,None,0.2753596209334773,False,25.197359466552733,25.157714748382567
2024-12-17 12:21:00-05:00,25.100000381469727,25.14579963684082,25.100000381469727,25.14579963684082,3766,None,0.533705916664512,False,25.18051948547363,25.16200475692749
2024-12-17 12:22:00-05:00,25.1299991607666,25.190000534057617,25.1299991607666,25.190000534057617,1344,None,0.08247104890274956,False,25.174519729614257,25.17066478729248
2024-12-17 12:23:00-05:00,25.209999084472656,25.270000457763672,25.209999084472656,25.26000022888184,2170,Up,0.34402418875331214,False,25.190519714355467,25.18626480102539
2024-12-17 12:24:00-05:00,25.26000022888184,25.270000457763672,25.21500015258789,25.21500015258789,2397,None,0.04453170498640283,False,25.192359924316406,25.192764854431154
2024-12-17 12:25:00-05:00,25.245399475097656,25.290000915527344,25.245399475097656,25.274999618530277,3880,Up,0.7621132719478777,False,25.217160034179688,25.2045147895813
2024-12-17 12:26:00-05:00,25.309999465942383,25.309999465942383,25.2549991607666,25.270000457763672,5240,Up,0.7881414043734816,False,25.24200019836426,25.2155198097229
2024-12-17 12:27:00-05:00,25.290599822998047,25.31999969482422,25.290599822998047,25.31940078735352,2487,Up,0.4685940204580572,False,25.267880249023438,25.225739860534667
2024-12-17 12:28:00-05:00,25.34000015258789,25.375,25.334999084472656,25.375,3458,Up,0.5516799843783587,False,25.29088020324707,25.23473987579346
2024-12-17 12:29:00-05:00,25.437000274658203,25.43989944458008,25.350099563598636,25.350099563598636,10092,Up,0.8902462636567567,False,25.31790008544922,25.23923988342285
2024-12-17 12:30:00-05:00,25.3799991607666,25.3799991607666,25.350000381469727,25.3799991607666,1322,Up,0.15774659205695576,False,25.338899993896487,25.245349884033203
2024-12-17 12:31:00-05:00,25.375200271606445,25.3799991607666,25.34000015258789,25.379199981689453,3050,Up,0.4010747275818892,False,25.360739898681643,25.251309871673584
2024-12-17 12:32:00-05:00,25.354999542236328,25.3799991607666,25.33009910583496,25.3799991607666,1118,Up,0.11623117969648278,False,25.37285957336426,25.260309791564943
2024-12-17 12:33:00-05:00,25.37689971923828,25.37689971923828,25.37689971923828,25.37689971923828,3876,Up,0.13360720687193658,False,25.373239517211914,25.268654823303223
2024-12-17 12:34:00-05:00,25.440000534057617,25.489999771118164,25.420000076293945,25.43000030517578,2792,Up,0.3383365847974075,False,25.389219665527342,25.276159858703615
2024-12-17 12:35:00-05:00,25.426300048828125,25.479999542236328,25.426300048828125,25.426700592041016,5318,Up,0.47276383176990044,False,25.398559951782225,25.287994861602783
2024-12-17 12:36:00-05:00,25.420000076293945,25.420000076293945,25.399900436401367,25.399900436401367,2342,Up,0.15766182548593483,False,25.40270004272461,25.296489906311034
2024-12-17 12:37:00-05:00,25.35149955749512,25.38500022888184,25.34749984741211,25.38500022888184,2162,Up,0.10094925234674818,False,25.403700256347655,25.304739952087402
2024-12-17 12:38:00-05:00,25.3700008392334,25.3700008392334,25.3700008392334,25.3700008392334,1096,Up,0.049198546052218045,False,25.40232048034668,25.314239978790283
2024-12-17 12:39:00-05:00,25.3799991607666,25.3799991607666,25.36000061035156,25.36000061035156,1341,Up,0.18918668332981742,False,25.388320541381837,25.321950054168703
2024-12-17 12:40:00-05:00,25.38129997253418,25.38129997253418,25.38129997253418,25.38129997253418,255,Up,0.028458223794228524,False,25.379240417480467,25.333465099334717
2024-12-17 12:41:00-05:00,25.3799991607666,25.424999237060547,25.3799991607666,25.424999237060547,7400,Up,0.2136162355623219,False,25.384260177612305,25.347425079345705
2024-12-17 12:42:00-05:00,25.399999618530277,25.49489974975586,25.399999618530277,25.49489974975586,7169,Up,0.7267010465369682,False,25.40624008178711,25.362670040130617
2024-12-17 12:43:00-05:00,25.5,25.56999969482422,25.489999771118164,25.559499740600582,16901,Up,0.8679096044422775,False,25.444139862060545,25.377645015716553
2024-12-17 12:44:00-05:00,25.600000381469727,25.68000030517578,25.520000457763672,25.549999237060547,20967,Up,0.9054873739055793,False,25.482139587402344,25.394394969940187
2024-12-17 12:45:00-05:00,25.559999465942383,25.559999465942383,25.489999771118164,25.489999771118164,14745,Up,0.7147960382129378,False,25.50387954711914,25.40514497756958
2024-12-17 12:46:00-05:00,25.489999771118164,25.489999771118164,25.440000534057617,25.465200424194336,3885,Up,0.0894240401718629,False,25.5119197845459,25.414904975891112
2024-12-17 12:47:00-05:00,25.489999771118164,25.52199935913086,25.448400497436523,25.52199935913086,1060,Up,0.02114611900036682,False,25.5173397064209,25.42503490447998
2024-12-17 12:48:00-05:00,25.491600036621094,25.491600036621094,25.4591007232666,25.4591007232666,702,Up,0.03419999810671304,False,25.497259902954102,25.42923994064331
2024-12-17 12:49:00-05:00,25.5,25.56999969482422,25.5,25.56999969482422,10064,Up,0.1764238575870573,False,25.501259994506835,25.44023494720459
2024-12-17 12:50:00-05:00,25.61000061035156,25.653600692749023,25.56909942626953,25.61009979248047,7513,Up,0.6622936014680278,False,25.525279998779297,25.451739978790282
2024-12-17 12:51:00-05:00,25.61000061035156,25.61000061035156,25.61000061035156,25.61000061035156,3260,Up,0.44842807709780447,False,25.55424003601074,25.46328001022339
2024-12-17 12:52:00-05:00,25.629499435424805,25.649999618530277,25.6200008392334,25.649999618530277,3602,Up,0.5125293346935614,False,25.579840087890624,25.476780033111574
2024-12-17 12:53:00-05:00,25.68000030517578,25.70009994506836,25.68000030517578,25.700000762939453,7857,Up,0.9414222036193286,False,25.628020095825196,25.49293508529663
2024-12-17 12:54:00-05:00,25.7052001953125,25.72089958190918,25.540000915527344,25.540000915527344,14231,None,0.3940852831844032,False,25.62202033996582,25.49843511581421
2024-12-17 12:55:00-05:00,25.51000022888184,25.51499938964844,25.40999984741211,25.40999984741211,9837,None,0.7639764133926662,False,25.58200035095215,25.497600078582764
2024-12-17 12:56:00-05:00,25.420000076293945,25.450000762939453,25.40369987487793,25.450000762939453,5229,None,0.39823375106672854,False,25.550000381469726,25.500105094909667
2024-12-17 12:57:00-05:00,25.420000076293945,25.459999084472656,25.420000076293945,25.459999084472656,3180,None,0.2212948146551458,False,25.512000274658202,25.50385503768921
2024-12-17 12:58:00-05:00,25.5049991607666,25.51000022888184,25.38999938964844,25.38999938964844,8300,None,0.5780574050403211,False,25.450000000000003,25.50485496520996
2024-12-17 12:59:00-05:00,25.39249992370605,25.39249992370605,25.3700008392334,25.3700008392334,2566,None,0.21493994195193958,False,25.415999984741212,25.505354976654054
2024-12-17 13:00:00-05:00,25.309999465942383,25.31739997863769,25.254199981689453,25.31739997863769,6004,None,0.5001724678824141,False,25.397480010986328,25.502159976959227
2024-12-17 13:01:00-05:00,25.25,25.25,25.21999931335449,25.21999931335449,2267,None,0.3285024231179081,False,25.35147972106933,25.491909980773926
2024-12-17 13:02:00-05:00,25.23500061035156,25.270000457763672,25.21500015258789,25.270000457763672,8911,None,1.0,False,25.31347999572754,25.480665016174317
2024-12-17 13:03:00-05:00,25.280000686645508,25.280000686645508,25.25,25.25,517,None,0.07728800866348487,False,25.28548011779785,25.46519002914429
2024-12-17 13:04:00-05:00,25.25,25.280000686645508,25.25,25.280000686645508,720,None,0.11772783512501807,False,25.26748008728027,25.451690101623534
2024-12-17 13:05:00-05:00,25.25,25.299299240112305,25.25,25.26000022888184,1061,None,0.14507293915253763,False,25.256000137329103,25.44019012451172
2024-12-17 13:06:00-05:00,25.31999969482422,25.329200744628903,25.30500030517578,25.329200744628903,1187,None,0.2994291824997396,False,25.277840423583985,25.433390140533447
2024-12-17 13:07:00-05:00,25.31999969482422,25.31999969482422,25.28580093383789,25.28720092773437,5649,None,0.3505748227398704,False,25.281280517578125,25.421650218963624
2024-12-17 13:09:00-05:00,25.280000686645508,25.280000686645508,25.25,25.25,1481,None,0.12839279454374256,False,25.281280517578125,25.41119518280029
2024-12-17 13:10:00-05:00,25.200000762939453,25.244199752807617,25.09000015258789,25.244199752807617,2747,None,0.36480525150429566,False,25.274120330810547,25.394905185699464
2024-12-17 13:11:00-05:00,25.239999771118164,25.290000915527344,25.239999771118164,25.290000915527344,696,None,0.07671696811648027,False,25.28012046813965,25.378900241851806
2024-12-17 13:12:00-05:00,25.299999237060547,25.299999237060547,25.290000915527344,25.290000915527344,892,None,0.11080872701297595,False,25.272280502319337,25.362900257110596
2024-12-17 13:13:00-05:00,25.290000915527344,25.3700008392334,25.290000915527344,25.3700008392334,4894,None,0.597776752965846,False,25.28884048461914,25.348900318145752
2024-12-17 13:14:00-05:00,25.32250022888184,25.32999992370605,25.299999237060547,25.32999992370605,1612,None,0.27245422590234564,False,25.30484046936035,25.330400276184083
2024-12-17 13:15:00-05:00,25.32999992370605,25.32999992370605,25.32999992370605,25.32999992370605,318,None,0.05853933817967007,False,25.32200050354004,25.319900226593017
2024-12-17 13:16:00-05:00,25.270000457763672,25.270000457763672,25.270000457763672,25.270000457763672,771,None,0.042884315147703876,False,25.318000411987306,25.312900257110595
2024-12-17 13:17:00-05:00,25.18000030517578,25.25,25.18000030517578,25.25,3757,None,0.2498803743287743,False,25.310000228881837,25.30290021896362
2024-12-17 13:18:00-05:00,25.15839958190918,25.15839958190918,25.155000686645508,25.155000686645508,569,None,0.15020862379075478,False,25.267000198364258,25.287650299072265
2024-12-17 13:19:00-05:00,25.170000076293945,25.23889923095703,25.170000076293945,25.200000762939453,1815,None,0.670112445072482,False,25.241000366210937,25.278150367736817
2024-12-17 13:20:00-05:00,25.149999618530277,25.149999618530277,25.07010078430176,25.07010078430176,2499,None,0.8820526732116039,False,25.189020538330077,25.263155364990233
2024-12-17 13:21:00-05:00,25.11000061035156,25.11000061035156,25.11000061035156,25.11000061035156,1933,None,0.6275101205824778,False,25.157020568847656,25.252785396575927
2024-12-17 13:22:00-05:00,25.040000915527344,25.149999618530277,25.040000915527344,25.100000381469727,11270,None,0.9634694030050412,False,25.127020645141602,25.24678544998169
2024-12-17 13:23:00-05:00,25.1299991607666,25.159900665283203,25.1299991607666,25.131200790405277,6370,None,0.3515608527249279,False,25.122260665893556,25.23984546661377
2024-12-17 13:24:00-05:00,25.1299991607666,25.154699325561523,25.1299991607666,25.154699325561523,766,None,0.060525813774968365,False,25.113200378417968,25.235080432891845
2024-12-17 13:25:00-05:00,25.19939994812012,25.19939994812012,25.19939994812012,25.19939994812012,312,None,0.04927664827733804,False,25.13906021118164,25.231050395965575
2024-12-17 13:26:00-05:00,25.15999984741211,25.15999984741211,25.114999771118164,25.114999771118164,2350,None,0.07325909457810181,False,25.140060043334962,25.223800373077392
2024-12-17 13:27:00-05:00,25.100000381469727,25.100000381469727,25.100000381469727,25.100000381469727,521,None,0.012453303052944523,False,25.140060043334962,25.212340354919434
2024-12-17 13:28:00-05:00,25.100000381469727,25.100000381469727,25.07999992370605,25.07999992370605,814,None,0.12706068058411252,False,25.129819869995117,25.201980304718017
2024-12-17 13:29:00-05:00,25.050899505615234,25.050899505615234,25.050899505615234,25.050899505615234,417,None,0.24703405549990998,False,25.10905990600586,25.19202527999878
2024-12-17 13:30:00-05:00,25.06999969482422,25.06999969482422,25.030000686645508,25.030000686645508,4907,None,0.9396679034484632,False,25.075180053710938,25.181315326690672
2024-12-17 13:31:00-05:00,25.030000686645508,25.07999992370605,25.030000686645508,25.079700469970703,2717,None,0.3655378080497932,False,25.068120193481445,25.170800304412843
2024-12-17 13:32:00-05:00,25.07309913635254,25.09000015258789,25.065000534057617,25.09000015258789,2941,None,0.2188115190558654,False,25.066120147705078,25.16080026626587
2024-12-17 13:33:00-05:00,25.09499931335449,25.09499931335449,25.06999969482422,25.06999969482422,2013,None,0.12010751290207003,False,25.06412010192871,25.14580020904541
2024-12-17 13:34:00-05:00,25.049999237060547,25.09000015258789,25.049999237060547,25.08989906311035,2398,None,0.2145499076185039,False,25.071920013427736,25.133795166015624
2024-12-17 13:35:00-05:00,25.040000915527344,25.049999237060547,25.040000915527344,25.049999237060547,543,None,0.027774082308523334,False,25.075919723510744,25.11979513168335
2024-12-17 13:36:00-05:00,25.049999237060547,25.049999237060547,25.049999237060547,25.049999237060547,1119,None,0.09432238378997487,False,25.06997947692871,25.108795070648192
2024-12-17 13:37:00-05:00,25.030000686645508,25.09000015258789,25.030000686645508,25.09000015258789,1557,None,0.03254829277362644,False,25.06997947692871,25.10079507827759
2024-12-17 13:38:00-05:00,25.09000015258789,25.09000015258789,25.09000015258789,25.09000015258789,1382,None,0.0993228526429336,False,25.073979568481445,25.097545051574706
2024-12-17 13:39:00-05:00,25.059999465942383,25.09499931335449,25.059999465942383,25.09499931335449,1341,None,0.039560460803563804,False,25.074999618530274,25.09229497909546
2024-12-17 13:40:00-05:00,25.09149932861328,25.09149932861328,25.09149932861328,25.09149932861328,193,None,0.033541874259131965,False,25.08329963684082,25.093364906311034
2024-12-17 13:41:00-05:00,25.059999465942383,25.122499465942383,25.059999465942383,25.122499465942383,1512,None,0.37541626361990804,False,25.097799682617186,25.093989849090576
2024-12-17 13:42:00-05:00,25.06999969482422,25.07200050354004,25.06999969482422,25.06999969482422,1761,None,0.11087178973852249,False,25.093799591064453,25.092489814758302
2024-12-17 13:43:00-05:00,25.09000015258789,25.09000015258789,25.05719947814941,25.05719947814941,2409,None,0.1988787439111113,False,25.087239456176754,25.08878974914551
2024-12-17 13:44:00-05:00,25.05489921569824,25.05489921569824,25.049999237060547,25.049999237060547,2225,None,0.26255426498064777,False,25.07823944091797,25.08355474472046
2024-12-17 13:45:00-05:00,25.049999237060547,25.066699981689453,25.049999237060547,25.066699981689453,2638,None,0.1521045489119515,False,25.073279571533202,25.076919746398925
2024-12-17 13:46:00-05:00,25.063600540161133,25.06999969482422,25.063600540161133,25.06999969482422,778,None,0.09201635648358651,False,25.06277961730957,25.074669742584227
2024-12-17 13:47:00-05:00,25.08799934387207,25.100000381469727,25.06999969482422,25.06999969482422,4141,None,0.018647586158736826,False,25.06277961730957,25.073169708251953
2024-12-17 13:48:00-05:00,25.06999969482422,25.06999969482422,25.01000022888184,25.03039932250977,9221,None,0.18425268034658548,False,25.05741958618164,25.07068967819214
2024-12-17 13:50:00-05:00,25.0447998046875,25.049999237060547,25.0447998046875,25.049999237060547,510,None,0.002481712089843902,False,25.05741958618164,25.070644664764405
2024-12-17 13:51:00-05:00,25.030000686645508,25.030000686645508,25.030000686645508,25.030000686645508,558,None,0.03208327177346695,False,25.05007972717285,25.070644664764405
2024-12-17 13:52:00-05:00,25.034400939941406,25.034400939941406,25.034400939941406,25.034400939941406,310,None,0.02066614588228606,False,25.04295997619629,25.06837968826294
2024-12-17 13:53:00-05:00,25.020099639892575,25.08370018005371,25.020000457763672,25.08370018005371,1160,None,0.035637649179956876,False,25.045700073242188,25.06806468963623
2024-12-17 13:54:00-05:00,25.052499771118164,25.052499771118164,25.052499771118164,25.052499771118164,1250,None,0.06268139206002812,False,25.050120162963868,25.067189693450928
2024-12-17 13:55:00-05:00,25.05500030517578,25.104999542236328,25.05500030517578,25.07999992370605,3851,None,0.19862817726335852,False,25.056120300292967,25.066694736480713
2024-12-17 13:56:00-05:00,25.042299270629883,25.06999969482422,25.030000686645508,25.030000686645508,697,None,0.0061235347777959,False,25.056120300292967,25.06569480895996
2024-12-17 13:57:00-05:00,25.030000686645508,25.05500030517578,25.030000686645508,25.05500030517578,915,None,0.059785416831042305,False,25.060240173339842,25.065944862365722
2024-12-17 13:59:00-05:00,25.02199935913086,25.049999237060547,25.011999130249023,25.049999237060547,3801,None,0.22028366267773125,False,25.05349998474121,25.063944816589355
2024-12-17 14:00:00-05:00,25.11000061035156,25.13999938964844,25.09000015258789,25.13999938964844,1096,None,0.2009144647954317,False,25.070999908447266,25.06644477844238
2024-12-17 14:01:00-05:00,25.170000076293945,25.209999084472656,25.13999938964844,25.18000030517578,2704,None,0.5253464888570244,False,25.09099998474121,25.070694828033446
2024-12-17 14:03:00-05:00,25.200000762939453,25.200000762939453,25.140100479125977,25.140100479125977,681,None,0.20137023741644006,False,25.113019943237305,25.073124885559082
2024-12-17 14:04:00-05:00,25.149999618530277,25.22900009155273,25.149999618530277,25.225000381469727,2110,None,0.6519407781092852,False,25.147019958496095,25.07824993133545
2024-12-17 14:05:00-05:00,25.229999542236328,25.239999771118164,25.229999542236328,25.239999771118164,2155,None,0.6363662010465273,False,25.18502006530762,25.086749935150145
2024-12-17 14:06:00-05:00,25.239999771118164,25.25,25.239999771118164,25.25,2099,None,0.6616913640466744,False,25.20702018737793,25.096389961242675
2024-12-17 14:07:00-05:00,25.298999786376957,25.3700008392334,25.298999786376957,25.3700008392334,1638,None,0.5682960968188877,False,25.24502029418945,25.11239004135132
2024-12-17 14:08:00-05:00,25.3700008392334,25.38999938964844,25.31999969482422,25.33799934387207,4594,None,1.0,False,25.284600067138673,25.125955009460448
2024-12-17 14:09:00-05:00,25.32999992370605,25.420000076293945,25.32999992370605,25.32999992370605,3186,None,0.7450667392310393,False,25.305599975585938,25.13895502090454
2024-12-17 14:10:00-05:00,25.38999938964844,25.40999984741211,25.350000381469727,25.40999984741211,3283,None,0.8353296650616315,False,25.339599990844725,25.155955028533935
2024-12-17 14:11:00-05:00,25.420000076293945,25.420000076293945,25.415000915527344,25.415000915527344,496,None,0.14305065243291398,False,25.372600173950197,25.175185108184813
2024-12-17 14:12:00-05:00,25.420000076293945,25.448999404907227,25.420000076293945,25.42350006103516,1670,None,0.29415984407141044,False,25.383300018310546,25.193860149383546
2024-12-17 14:13:00-05:00,25.440000534057617,25.440000534057617,25.440000534057617,25.440000534057617,493,None,0.13534082100978378,False,25.403700256347655,25.21436014175415
2024-12-17 14:14:00-05:00,25.418399810791016,25.5,25.40999984741211,25.475000381469727,16015,None,1.0,False,25.43270034790039,25.236390113830566
2024-12-17 14:15:00-05:00,25.489999771118164,25.489999771118164,25.332000732421875,25.38999938964844,8471,None,0.4334821161950831,False,25.42870025634766,25.2517050743103
2024-12-17 14:16:00-05:00,25.3799991607666,25.38999938964844,25.3799991607666,25.38999938964844,475,None,0.029154040523438268,False,25.423699951171876,25.268580055236818
2024-12-17 14:17:00-05:00,25.3700008392334,25.3700008392334,25.3700008392334,25.3700008392334,556,None,0.04394054404887553,False,25.413000106811523,25.283080101013184
2024-12-17 14:18:00-05:00,25.3700008392334,25.38500022888184,25.3700008392334,25.3700008392334,1217,None,0.10525161555727157,False,25.39900016784668,25.30008010864258
2024-12-17 14:19:00-05:00,25.3700008392334,25.38999938964844,25.32999992370605,25.38999938964844,5939,None,0.4481265193117772,False,25.381999969482422,25.31683006286621
2024-12-17 14:20:00-05:00,25.4242000579834,25.4242000579834,25.4242000579834,25.4242000579834,2795,None,0.17053128618857774,False,25.388840103149413,25.335540103912354
2024-12-17 14:21:00-05:00,25.350000381469727,25.350000381469727,25.350000381469727,25.350000381469727,1318,None,0.1277678703928474,False,25.380840301513672,25.346040153503417
2024-12-17 14:22:00-05:00,25.38999938964844,25.38999938964844,25.38999938964844,25.38999938964844,766,None,0.04099566425651336,False,25.38484001159668,25.35654010772705
2024-12-17 14:23:00-05:00,25.239999771118164,25.239999771118164,25.21999931335449,25.21999931335449,553,None,0.13356801706950944,False,25.354839706420897,25.360535049438475
2024-12-17 14:24:00-05:00,25.239999771118164,25.32999992370605,25.239999771118164,25.30500030517578,4150,None,0.549521506094164,False,25.337839889526368,25.36453504562378
2024-12-17 14:25:00-05:00,25.33989906311035,25.33989906311035,25.286500930786133,25.286500930786133,697,None,0.23063877264637422,False,25.310300064086913,25.366860103607177
2024-12-17 14:26:00-05:00,25.309999465942383,25.309999465942383,25.290000915527344,25.290000915527344,3004,None,0.48018770127416954,False,25.298300170898436,25.368860149383544
2024-12-17 14:27:00-05:00,25.286800384521484,25.286800384521484,25.286800384521484,25.286800384521484,595,None,0.18623271858978963,False,25.277660369873047,25.36470012664795
2024-12-17 14:30:00-05:00,25.309999465942383,25.309999465942383,25.290000915527344,25.290000915527344,1826,None,0.3654905108668713,False,25.291660690307616,25.362300205230714
2024-12-17 14:31:00-05:00,25.239999771118164,25.25,25.20009994506836,25.25,6163,None,0.4638009580553786,False,25.28066062927246,25.35830020904541
2024-12-17 14:32:00-05:00,25.200000762939453,25.200000762939453,25.16010093688965,25.182899475097656,1240,None,0.2820253742988686,False,25.259940338134765,25.346945190429686
2024-12-17 14:33:00-05:00,25.19029998779297,25.209999084472656,25.19029998779297,25.209999084472656,974,None,0.18044538435667729,False,25.24393997192383,25.33669509887695
2024-12-17 14:34:00-05:00,25.13999938964844,25.145000457763672,25.100000381469727,25.100000381469727,2137,None,0.6294500676476228,False,25.206579971313477,25.32052011489868
2024-12-17 14:35:00-05:00,25.100000381469727,25.11230087280273,25.100000381469727,25.11230087280273,813,None,0.2439536153545163,False,25.171039962768553,25.304135131835938
2024-12-17 14:36:00-05:00,25.11000061035156,25.12879943847656,25.030000686645508,25.12879943847656,1713,None,0.5092706121291166,False,25.146799850463868,25.286825084686278
2024-12-17 14:37:00-05:00,25.073299407958984,25.073299407958984,25.073299407958984,25.073299407958984,2481,None,0.9130025722759256,False,25.124879837036133,25.270990085601806
2024-12-17 14:38:00-05:00,25.1200008392334,25.1200008392334,25.049999237060547,25.06999969482422,2547,None,0.9855801216758736,False,25.096879959106445,25.254990100860596
2024-12-17 14:39:00-05:00,25.11000061035156,25.11000061035156,25.11000061035156,25.11000061035156,1020,None,0.11994725052243357,False,25.098880004882812,25.241990089416504
2024-12-17 14:40:00-05:00,25.158700942993164,25.1648006439209,25.158700942993164,25.1648006439209,2443,None,0.4717006364941875,False,25.109379959106445,25.23173007965088
2024-12-17 14:41:00-05:00,25.190000534057617,25.190000534057617,25.15999984741211,25.15999984741211,1619,None,0.20425268582507633,False,25.115620040893553,25.220230102539062
2024-12-17 14:42:00-05:00,25.15999984741211,25.170000076293945,25.13999938964844,25.13999938964844,1638,None,0.2992706189157785,False,25.128960037231444,25.206020069122314
2024-12-17 14:43:00-05:00,25.149999618530277,25.149999618530277,25.122800827026367,25.122800827026367,484,None,0.08227792760140575,False,25.139520263671876,25.194660091400145
2024-12-17 14:44:00-05:00,25.190000534057617,25.19599914550781,25.155000686645508,25.18000030517578,1046,None,0.23983542261190768,False,25.15352020263672,25.184160137176512
2024-12-17 14:45:00-05:00,25.18000030517578,25.19580078125,25.149999618530277,25.149999618530277,1319,None,0.08764500136851461,False,25.150559997558595,25.1806601524353
2024-12-17 14:46:00-05:00,25.170000076293945,25.239999771118164,25.149999618530277,25.21150016784668,3066,None,0.33407173023464853,False,25.160860061645508,25.17598514556885
2024-12-17 14:47:00-05:00,25.22010040283203,25.26499938964844,25.22010040283203,25.26499938964844,3138,None,0.7653964538513072,False,25.185860061645506,25.174910068511963
2024-12-17 14:48:00-05:00,25.28499984741211,25.28499984741211,25.239999771118164,25.26499938964844,1767,None,0.5373815898683866,False,25.214299774169923,25.173659992218017
2024-12-17 14:49:00-05:00,25.25,25.26499938964844,25.24530029296875,25.24530029296875,1173,None,0.1992375054201277,False,25.227359771728516,25.17158498764038
2024-12-17 14:50:00-05:00,25.280000686645508,25.31999969482422,25.280000686645508,25.31999969482422,1114,None,0.34941407082151765,False,25.261359786987306,25.173084926605224
2024-12-17 14:51:00-05:00,25.31999969482422,25.350000381469727,25.31999969482422,25.350000381469727,433,None,0.15363653637215438,False,25.289059829711913,25.178084945678712
2024-12-17 14:52:00-05:00,25.31999969482422,25.350000381469727,25.290000915527344,25.31999969482422,785,None,0.19871784870042225,False,25.30005989074707,25.18493995666504
2024-12-17 14:53:00-05:00,25.31999969482422,25.40089988708496,25.290000915527344,25.38999938964844,7209,None,0.976332435771973,False,25.325059890747074,25.19393997192383
2024-12-17 14:54:00-05:00,25.32999992370605,25.38999938964844,25.32999992370605,25.32999992370605,3613,None,0.7470640700525307,False,25.341999816894532,25.205439949035643
2024-12-17 14:55:00-05:00,25.3700008392334,25.37669944763184,25.36400032043457,25.36400032043457,2423,None,0.3096039299218877,False,25.3507999420166,25.218024921417236
2024-12-17 14:56:00-05:00,25.34000015258789,25.34160041809082,25.34000015258789,25.34160041809082,534,None,0.037680553349874,False,25.34911994934082,25.22866497039795
2024-12-17 14:57:00-05:00,25.34440040588379,25.3799991607666,25.34440040588379,25.350000381469727,1738,None,0.16141069073030956,False,25.35512008666992,25.242500019073486
2024-12-17 14:58:00-05:00,25.31999969482422,25.32999992370605,25.31999969482422,25.32999992370605,448,None,0.05731120819240788,False,25.343120193481443,25.255500030517577
2024-12-17 14:59:00-05:00,25.356300354003903,25.356300354003903,25.31999969482422,25.31999969482422,2578,None,0.17560825809382485,False,25.341120147705077,25.26599998474121
2024-12-17 15:00:00-05:00,25.309999465942383,25.309999465942383,25.270000457763672,25.280000686645508,3829,None,0.5903559486646498,False,25.324320220947264,25.27175998687744
2024-12-17 15:01:00-05:00,25.290000915527344,25.32200050354004,25.26000022888184,25.290000915527344,10606,None,0.36904804064302094,False,25.31400032043457,25.278260040283204
2024-12-17 15:02:00-05:00,25.25979995727539,25.268699645996094,25.25979995727539,25.268699645996094,789,None,0.07962414650890139,False,25.297740173339843,25.284695053100585
2024-12-17 15:03:00-05:00,25.280000686645508,25.36000061035156,25.280000686645508,25.34040069580078,2581,None,0.034268206068180374,False,25.299820327758788,25.295575046539305
2024-12-17 15:05:00-05:00,25.309999465942383,25.309999465942383,25.26000022888184,25.26000022888184,2923,None,0.18880720517105942,False,25.287820434570314,25.29957504272461
2024-12-17 15:06:00-05:00,25.280000686645508,25.315000534057617,25.26000022888184,25.315000534057617,4762,None,0.1724683556425432,False,25.294820404052736,25.307825088500977
2024-12-17 15:07:00-05:00,25.299999237060547,25.33919906616211,25.280000686645508,25.299999237060547,2961,None,0.04172162697851042,False,25.296820068359374,25.31225004196167
2024-12-17 15:08:00-05:00,25.239999771118164,25.239999771118164,25.200000762939453,25.200000762939453,4202,None,0.41876646775394843,False,25.283080291748046,25.309000110626222
2024-12-17 15:09:00-05:00,25.201400756835938,25.243200302124023,25.200000762939453,25.20499992370605,4896,None,0.7359125252236232,False,25.256000137329103,25.3060001373291
2024-12-17 15:10:00-05:00,25.200000762939453,25.21500015258789,25.190000534057617,25.190000534057617,13024,None,0.5245771389677301,False,25.24200019836426,25.303235149383546
2024-12-17 15:11:00-05:00,25.182300567626957,25.209999084472656,25.182300567626957,25.209999084472656,1041,None,0.10228226043486467,False,25.220999908447265,25.297735118865965
2024-12-17 15:12:00-05:00,25.209999084472656,25.209999084472656,25.200000762939453,25.200000762939453,3827,None,0.38417241918091216,False,25.201000213623047,25.290235137939455
2024-12-17 15:13:00-05:00,25.200000762939453,25.260099411010746,25.200000762939453,25.260099411010746,7757,None,0.4373841870095359,False,25.213019943237306,25.28724012374878
2024-12-17 15:14:00-05:00,25.27630043029785,25.290000915527344,25.27630043029785,25.290000915527344,1038,None,0.07872073816151172,False,25.230020141601564,25.282240200042725
2024-12-17 15:15:00-05:00,25.295000076293945,25.295000076293945,25.295000076293945,25.295000076293945,301,None,0.030233975727454107,False,25.25102005004883,25.28049020767212
2024-12-17 15:16:00-05:00,25.27020072937012,25.278600692749023,25.270000457763672,25.270000457763672,1031,None,0.10443919912290674,False,25.263020324707032,25.275790214538574
2024-12-17 15:17:00-05:00,25.27750015258789,25.27750015258789,25.27750015258789,25.27750015258789,705,None,0.09077588550569275,False,25.27852020263672,25.27258520126343
2024-12-17 15:18:00-05:00,25.26000022888184,25.32999992370605,25.26000022888184,25.290000915527344,12104,None,0.204122756640643,False,25.284500503540038,25.26958522796631
2024-12-17 15:19:00-05:00,25.299999237060547,25.329500198364254,25.299999237060547,25.329500198364254,2214,None,0.13999726311690333,False,25.292400360107422,25.269560241699217
2024-12-17 15:20:00-05:00,25.270000457763672,25.280000686645508,25.270000457763672,25.280000686645508,852,None,0.025320413601970262,False,25.289400482177733,25.267560291290284
2024-12-17 15:21:00-05:00,25.26000022888184,25.26000022888184,25.230100631713867,25.23139953613281,2490,None,0.13279747287553134,False,25.281680297851562,25.265130233764648
2024-12-17 15:22:00-05:00,25.25160026550293,25.265100479125977,25.25,25.25,1740,None,0.06454053879160446,False,25.276180267333984,25.26313018798828
2024-12-17 15:23:00-05:00,25.21999931335449,25.239999771118164,25.21999931335449,25.23270034790039,6471,None,0.34589975662964256,False,25.264720153808593,25.261330223083498
2024-12-17 15:24:00-05:00,25.209999084472656,25.270000457763672,25.200000762939453,25.270000457763672,12303,None,0.3612447388699696,False,25.252820205688476,25.257810211181642
2024-12-17 15:25:00-05:00,25.25,25.270000457763672,25.2322998046875,25.25,2879,None,0.08472789688461965,False,25.246820068359376,25.25731019973755
2024-12-17 15:26:00-05:00,25.25659942626953,25.299999237060547,25.25,25.299999237060547,3570,None,0.20116720384155432,False,25.260540008544922,25.256560134887696
2024-12-17 15:27:00-05:00,25.295000076293945,25.309999465942383,25.282699584960938,25.282699584960938,1001,None,0.03071872691059382,False,25.26707992553711,25.255695152282716
2024-12-17 15:28:00-05:00,25.309999465942383,25.31999969482422,25.280000686645508,25.280000686645508,4573,None,0.1848347613721487,False,25.276539993286132,25.25969514846802
2024-12-17 15:29:00-05:00,25.250099182128903,25.309999465942383,25.250099182128903,25.309999465942383,6179,None,0.22064961969364313,False,25.284539794921876,25.264945125579835
2024-12-17 15:30:00-05:00,25.297199249267575,25.297199249267575,25.280000686645508,25.280000686645508,2588,None,0.10744751726687068,False,25.290539932250976,25.269445133209228
2024-12-17 15:31:00-05:00,25.270000457763672,25.31719970703125,25.270000457763672,25.31719970703125,4969,None,0.11824704735649683,False,25.293980026245116,25.27480516433716
2024-12-17 15:32:00-05:00,25.34000015258789,25.420000076293945,25.34000015258789,25.36949920654297,9270,None,0.5649162614132061,False,25.311339950561525,25.283280086517333
2024-12-17 15:33:00-05:00,25.395000457763672,25.395000457763672,25.364999771118164,25.388999938964844,4419,None,0.39994618112623753,False,25.33313980102539,25.28972511291504
2024-12-17 15:34:00-05:00,25.38999938964844,25.38999938964844,25.32999992370605,25.340999603271484,6275,None,0.19920633336222943,False,25.339339828491212,25.292275047302248
2024-12-17 15:35:00-05:00,25.375200271606445,25.40999984741211,25.31999969482422,25.31999969482422,4952,None,0.2031721773776596,False,25.347339630126953,25.29352502822876
2024-12-17 15:36:00-05:00,25.290000915527344,25.420000076293945,25.270000457763672,25.415000915527344,14067,None,0.6970648456243711,False,25.36689987182617,25.300775051116943
2024-12-17 15:37:00-05:00,25.420000076293945,25.57999992370605,25.415000915527344,25.57999992370605,15483,Up,0.9154888388246861,False,25.40900001525879,25.31590003967285
2024-12-17 15:38:00-05:00,25.51000022888184,25.51000022888184,25.479999542236328,25.479999542236328,2823,None,0.16896438295037344,False,25.427199935913087,25.325399971008302
2024-12-17 15:39:00-05:00,25.477399826049805,25.5,25.399999618530277,25.40999984741211,12217,None,0.5311275368224484,False,25.44099998474121,25.329424953460695
2024-12-17 15:40:00-05:00,25.440000534057617,25.46999931335449,25.41010093688965,25.41010093688965,3567,None,0.20213602150805052,False,25.4590202331543,25.335929965972902
2024-12-17 15:41:00-05:00,25.459999084472656,25.46999931335449,25.40999984741211,25.43000030517578,1749,None,0.041320760193806524,False,25.462020111083984,25.34586000442505
2024-12-17 15:42:00-05:00,25.41010093688965,25.450000762939453,25.41010093688965,25.440000534057617,4042,None,0.3606508637045432,False,25.434020233154296,25.35536003112793
2024-12-17 15:43:00-05:00,25.424999237060547,25.549699783325195,25.40999984741211,25.52179908752441,8934,None,0.3747859898172488,False,25.442380142211913,25.369814968109132
2024-12-17 15:44:00-05:00,25.547199249267575,25.559999465942383,25.530000686645508,25.559999465942383,10782,None,0.9061173364621558,False,25.472380065917967,25.384314918518065
2024-12-17 15:45:00-05:00,25.549999237060547,25.57999992370605,25.549999237060547,25.565000534057617,13451,None,0.933002555934497,False,25.503359985351562,25.400064945220947
2024-12-17 15:46:00-05:00,25.565000534057617,25.57999992370605,25.565000534057617,25.56999969482422,3363,None,0.3046908832938366,False,25.53135986328125,25.41356496810913
2024-12-17 15:47:00-05:00,25.56999969482422,25.6299991607666,25.56999969482422,25.6299991607666,9883,Up,0.7795541826119942,False,25.569359588623048,25.430929946899415
2024-12-17 15:48:00-05:00,25.60269927978516,25.63999938964844,25.587400436401367,25.587400436401367,13146,Up,0.5530288801249257,False,25.582479858398436,25.446299934387206
2024-12-17 15:49:00-05:00,25.614999771118164,25.670000076293945,25.614999771118164,25.670000076293945,10830,Up,0.629669161457665,False,25.60447998046875,25.464299964904786
2024-12-17 15:50:00-05:00,25.690000534057617,25.729999542236328,25.65999984741211,25.65999984741211,21534,Up,0.8049371024556061,False,25.62347984313965,25.483299922943115
2024-12-17 15:51:00-05:00,25.649999618530277,25.670000076293945,25.6299991607666,25.670000076293945,3278,Up,0.17715997068296654,False,25.643479919433595,25.50093994140625
2024-12-17 15:52:00-05:00,25.6299991607666,25.739999771118164,25.62689971923828,25.71999931335449,16652,Up,0.6888013374932168,False,25.661479949951172,25.518464946746825
2024-12-17 15:53:00-05:00,25.7593994140625,25.850000381469727,25.7593994140625,25.770000457763672,24073,Up,1.0,False,25.697999954223633,25.53751497268677
2024-12-17 15:54:00-05:00,25.780000686645508,25.81999969482422,25.77079963684082,25.809999465942383,21548,Up,0.9159629722529231,False,25.72599983215332,25.56096496582031
2024-12-17 15:55:00-05:00,25.809999465942383,25.81999969482422,25.690000534057617,25.802000045776367,19895,Up,0.7794590518500636,False,25.754399871826173,25.58506498336792
2024-12-17 15:56:00-05:00,25.799999237060547,25.809999465942383,25.790000915527344,25.808399200439453,7416,Up,0.3391453210818484,False,25.782079696655273,25.604734897613525
2024-12-17 15:57:00-05:00,25.799999237060547,25.81999969482422,25.791000366210938,25.81579971313477,15516,Up,0.5215479491070723,False,25.80123977661133,25.61652488708496
2024-12-17 15:58:00-05:00,25.809999465942383,25.81999969482422,25.770000457763672,25.779199600219727,17733,Up,0.23702105312806154,False,25.80307960510254,25.63148488998413
2024-12-17 15:59:00-05:00,25.774999618530277,25.790000915527344,25.68000030517578,25.729900360107425,34471,Up,0.7104130776079542,False,25.787059783935547,25.647479915618895
