Datetime,Open,High,Low,Close,Volume,Price_Change,Pct_Change,Volume_MA,Trend,Countermove
2024-12-05 09:30:00-05:00,26.5,26.68000030517578,26.100000381469727,26.258399963378903,0,,,,,None
2024-12-05 09:31:00-05:00,26.3700008392334,26.504100799560547,26.280000686645508,26.34000015258789,5495,0.0816001892089879,0.3107584213919878,,Down,Rally
2024-12-05 09:32:00-05:00,26.299999237060547,26.438100814819336,26.049999237060547,26.1299991607666,15933,-0.210000991821289,-0.7972702756444572,,Down,None
2024-12-05 09:33:00-05:00,26.05010032653809,26.28350067138672,25.8799991607666,26.18280029296875,38558,0.0528011322021484,0.2020709295751821,,Down,Rally
2024-12-05 09:34:00-05:00,26.1200008392334,26.24250030517578,25.979999542236328,25.979999542236328,17888,-0.2028007507324218,-0.7745571461540091,15574.8,Down,None
2024-12-05 09:35:00-05:00,26.0,26.0,25.650999069213867,25.739999771118164,50637,-0.239999771118164,-0.9237866641529036,25702.2,Down,None
2024-12-05 09:36:00-05:00,25.77449989318848,25.89999961853028,25.6875,25.75,48163,0.0100002288818359,0.038850928402323,34235.8,Down,Rally
2024-12-05 09:37:00-05:00,25.700000762939453,25.75,25.56049919128418,25.600000381469727,60527,-0.1499996185302734,-0.5825227904088237,43154.6,Down,None
2024-12-05 09:38:00-05:00,25.614999771118164,25.75,25.5,25.67779922485352,61940,0.0777988433837926,0.3039017274394595,47831.0,Down,Rally
2024-12-05 09:39:00-05:00,25.61750030517578,25.72590065002441,25.530000686645508,25.72590065002441,18374,0.0481014251708913,0.1873268995901122,47928.2,Down,Rally
2024-12-05 09:40:00-05:00,25.65010070800781,25.79990005493164,25.65010070800781,25.739999771118164,16914,0.0140991210937535,0.0548051603151078,41183.6,Down,Rally
2024-12-05 09:41:00-05:00,25.76700019836425,25.894800186157227,25.709999084472656,25.82999992370605,22962,0.090000152587887,0.3496509455640062,36143.4,Down,Rally
2024-12-05 09:42:00-05:00,25.83650016784668,25.940000534057617,25.82999992370605,25.90999984741211,24017,0.0799999237060582,0.3097170884334144,28841.4,Up,None
2024-12-05 09:43:00-05:00,25.950000762939453,26.06999969482422,25.89739990234375,26.049999237060547,22357,0.1399993896484375,0.5403295657001816,20924.8,Up,None
2024-12-05 09:44:00-05:00,26.0049991607666,26.09000015258789,25.93000030517578,26.05500030517578,13014,0.0050010681152343,0.0191979587781387,19852.8,Up,None
2024-12-05 09:45:00-05:00,26.01000022888184,26.109100341796875,26.01000022888184,26.040000915527344,11179,-0.0149993896484375,-0.057568180666867,18705.8,Up,Pullback
2024-12-05 09:46:00-05:00,26.049999237060547,26.14249992370605,26.016300201416016,26.14249992370605,20566,0.1024990081787073,0.3936213693356283,18226.6,Up,None
2024-12-05 09:47:00-05:00,26.090700149536133,26.14999961853028,26.049999237060547,26.11750030517578,15756,-0.0249996185302698,-0.0956282628028271,16574.4,Up,Pullback
2024-12-05 09:48:00-05:00,26.06399917602539,26.07999992370605,25.9552001953125,25.9552001953125,11175,-0.1623001098632812,-0.6214228313079273,14338.0,Up,Pullback
2024-12-05 09:49:00-05:00,25.989999771118164,26.100000381469727,25.914600372314453,26.005800247192383,12184,0.0506000518798828,0.1949514991181677,14172.0,Up,None
2024-12-05 09:50:00-05:00,26.00690078735352,26.18000030517578,26.00690078735352,26.14999961853028,5879,0.1441993713378941,0.554489267652758,13112.0,Up,None
2024-12-05 09:51:00-05:00,26.209999084472656,26.3799991607666,26.209999084472656,26.3799991607666,11071,0.2299995422363245,0.8795393712868194,11213.0,Up,None
2024-12-05 09:52:00-05:00,26.38999938964844,26.489999771118164,26.25,26.290000915527344,16689,-0.0899982452392578,-0.3411609101682922,11399.6,Up,Pullback
2024-12-05 09:53:00-05:00,26.290000915527344,26.32999992370605,26.170000076293945,26.309999465942383,7780,0.019998550415039,0.0760690365865679,10720.6,Up,None
2024-12-05 09:54:00-05:00,26.309999465942383,26.42180061340332,26.27589988708496,26.38500022888184,6288,0.0750007629394566,0.285065619391367,9541.4,Up,None
2024-12-05 09:55:00-05:00,26.39999961853028,26.489999771118164,26.299999237060547,26.35169982910156,19491,-0.0333003997802805,-0.1262095868539314,12263.8,Up,Pullback
2024-12-05 09:56:00-05:00,26.290000915527344,26.38599967956543,26.26000022888184,26.38139915466309,11613,0.0296993255615305,0.1127036424751981,12372.2,Up,None
2024-12-05 09:57:00-05:00,26.309999465942383,26.309999465942383,26.110700607299805,26.20499992370605,8968,-0.1763992309570383,-0.6686500208835877,10828.0,Up,Pullback
2024-12-05 09:58:00-05:00,26.21999931335449,26.21999931335449,26.114200592041016,26.114200592041016,7228,-0.0907993316650355,-0.3464962103773783,10717.6,Up,Pullback
2024-12-05 09:59:00-05:00,26.16160011291504,26.190000534057617,26.059999465942383,26.09499931335449,18394,-0.0192012786865269,-0.0735281121045705,13138.8,Up,Pullback
2024-12-05 10:00:00-05:00,26.145000457763672,26.57999992370605,26.11000061035156,26.57999992370605,23519,0.4850006103515625,1.8585959881721736,13944.4,Up,None
2024-12-05 10:01:00-05:00,26.56529998779297,26.56529998779297,26.395000457763672,26.540000915527344,12240,-0.0399990081787073,-0.1504853585158727,14069.8,Up,Pullback
2024-12-05 10:02:00-05:00,26.5049991607666,26.55610084533692,26.5,26.5,14258,-0.0400009155273437,-0.1507193449414745,15127.8,Up,Pullback
2024-12-05 10:03:00-05:00,26.549999237060547,26.549999237060547,26.433300018310547,26.46500015258789,12023,-0.0349998474121093,-0.1320748958947515,16086.8,Up,Pullback
2024-12-05 10:04:00-05:00,26.4783992767334,26.6200008392334,26.39999961853028,26.6200008392334,21676,0.1550006866455078,0.585681790107051,16743.2,Up,None
2024-12-05 10:05:00-05:00,26.61370086669922,26.6200008392334,26.54540061950684,26.54829978942871,10957,-0.0717010498046875,-0.269350291300563,14230.8,Up,Pullback
2024-12-05 10:06:00-05:00,26.530000686645508,26.769899368286133,26.530000686645508,26.72369956970215,12811,0.1753997802734375,0.660681782504513,14345.0,Up,None
2024-12-05 10:07:00-05:00,26.790000915527344,26.920000076293945,26.790000915527344,26.8405990600586,18576,0.1168994903564488,0.4374375263856978,15208.6,Up,None
2024-12-05 10:08:00-05:00,26.88999938964844,27.01499938964844,26.82999992370605,27.01499938964844,41641,0.1744003295898437,0.6497631785326696,21132.2,Up,None
2024-12-05 10:09:00-05:00,27.018199920654297,27.09000015258789,26.89999961853028,27.030000686645508,13218,0.0150012969970667,0.055529510775476,19440.6,Up,None
2024-12-05 10:10:00-05:00,27.11000061035156,27.270000457763672,27.11000061035156,27.22050094604492,44474,0.1905002593994105,0.704773416796578,26144.0,Up,None
2024-12-05 10:11:00-05:00,27.229999542236328,27.34000015258789,27.11000061035156,27.11000061035156,58312,-0.1105003356933593,-0.4059452686502207,35244.2,Up,Pullback
2024-12-05 10:12:00-05:00,27.100000381469727,27.239999771118164,27.053300857543945,27.11009979248047,13963,9.918212890980271e-05,0.0003658507070403,34321.6,Up,None
2024-12-05 10:13:00-05:00,27.1200008392334,27.2450008392334,27.020000457763672,27.200000762939453,19051,0.0899009704589843,0.3316143103387681,29803.6,Up,None
2024-12-05 10:14:00-05:00,27.13999938964844,27.13999938964844,27.030000686645508,27.051000595092773,10522,-0.1490001678466797,-0.5477947193652133,29264.4,Up,Pullback
2024-12-05 10:15:00-05:00,27.09000015258789,27.09000015258789,26.850000381469727,26.86000061035156,14765,-0.1909999847412145,-0.7060736406765744,23322.6,Down,None
2024-12-05 10:16:00-05:00,26.8799991607666,26.989999771118164,26.770000457763672,26.770000457763672,20011,-0.090000152587887,-0.3350712976275982,15662.4,Down,None
2024-12-05 10:17:00-05:00,26.76000022888184,26.77499961853028,26.64999961853028,26.75,16456,-0.0200004577636718,-0.0747122055347992,16161.0,Down,None
2024-12-05 10:18:00-05:00,26.700000762939453,26.75,26.65999984741211,26.74850082397461,5933,-0.0014991760253906,-0.0056043963565954,13537.4,Down,None
2024-12-05 10:19:00-05:00,26.729999542236328,26.75,26.51959991455078,26.530000686645508,18865,-0.2185001373291015,-0.8168687238473638,15206.0,Down,None
2024-12-05 10:20:00-05:00,26.5,26.61000061035156,26.5,26.61000061035156,6817,0.0799999237060511,0.3015451248982392,13616.4,Down,Rally
2024-12-05 10:21:00-05:00,26.61000061035156,26.63500022888184,26.51000022888184,26.520000457763672,5806,-0.090000152587887,-0.3382192804342709,10775.4,Down,None
2024-12-05 10:22:00-05:00,26.520000457763672,26.559999465942383,26.34000015258789,26.34000015258789,19486,-0.1800003051757812,-0.6787341706967709,11381.4,Down,None
2024-12-05 10:23:00-05:00,26.299999237060547,26.32999992370605,26.14999961853028,26.290000915527344,25466,-0.0499992370605468,-0.1898224630634049,15288.0,Down,None
2024-12-05 10:24:00-05:00,26.229999542236328,26.319900512695312,26.11000061035156,26.18000030517578,15584,-0.1100006103515625,-0.4184123488812585,14631.8,Down,None
2024-12-05 10:25:00-05:00,26.200000762939453,26.34000015258789,26.200000762939453,26.309999465942383,8360,0.1299991607666015,0.4965590498518857,14940.4,Down,Rally
2024-12-05 10:26:00-05:00,26.354999542236328,26.5,26.239999771118164,26.280000686645508,16549,-0.029998779296875,-0.1140204481406725,17089.0,Down,None
2024-12-05 10:27:00-05:00,26.280000686645508,26.440000534057617,26.239999771118164,26.309999465942383,6781,0.029998779296875,0.114150603169949,14548.0,Down,Rally
2024-12-05 10:28:00-05:00,26.290000915527344,26.37540054321289,26.14999961853028,26.15999984741211,24909,-0.1499996185302734,-0.5701239892628829,14436.6,Down,None
2024-12-05 10:29:00-05:00,26.15999984741211,26.200000762939453,26.1200008392334,26.1613998413086,11126,0.0013999938964879,0.0053516586569379,13545.0,Down,Rally
2024-12-05 10:30:00-05:00,26.15719985961914,26.299999237060547,26.11000061035156,26.2362003326416,10150,0.0748004913330042,0.2859193001396365,13903.0,Down,Rally
2024-12-05 10:31:00-05:00,26.25,26.25,26.208799362182617,26.208799362182617,4311,-0.0274009704589843,-0.1044395534093189,11455.4,Down,None
2024-12-05 10:32:00-05:00,26.21500015258789,26.229999542236328,26.100000381469727,26.125099182128903,4748,-0.0837001800537144,-0.3193590782128219,11048.8,Down,None
2024-12-05 10:33:00-05:00,26.1299991607666,26.17180061340332,26.06999969482422,26.06999969482422,17236,-0.0550994873046839,-0.2109063277446865,9514.2,Down,None
2024-12-05 10:34:00-05:00,26.09000015258789,26.11000061035156,25.920000076293945,25.959999084472656,19988,-0.1100006103515625,-0.4219432744120843,11286.6,Down,None
2024-12-05 10:35:00-05:00,25.940000534057617,26.04010009765625,25.81999969482422,26.0,30200,0.0400009155273437,0.154086737049508,15296.6,Down,Rally
2024-12-05 10:36:00-05:00,25.96999931335449,25.96999931335449,25.89999961853028,25.924999237060547,6194,-0.0750007629394531,-0.2884644728440522,15673.2,Down,None
2024-12-05 10:37:00-05:00,25.96999931335449,26.06999969482422,25.950000762939453,25.950000762939453,7505,0.0250015258789062,0.0964379040103047,16224.6,Down,Rally
2024-12-05 10:38:00-05:00,25.950000762939453,25.950000762939453,25.850000381469727,25.88999938964844,9773,-0.060001373291012,-0.2312191581000044,14732.0,Down,None
2024-12-05 10:39:00-05:00,25.86000061035156,25.93000030517578,25.790000915527344,25.897499084472656,32124,0.0074996948242151,0.0289675357320051,17159.2,Down,Rally
2024-12-05 10:40:00-05:00,25.89999961853028,26.0,25.81999969482422,25.81999969482422,20174,-0.0774993896484375,-0.2992543387902002,15154.0,Down,None
2024-12-05 10:41:00-05:00,25.799999237060547,25.89999961853028,25.799999237060547,25.8085994720459,4397,-0.0114002227783203,-0.0441526836292172,14794.6,Down,None
2024-12-05 10:42:00-05:00,25.81999969482422,25.92989921569824,25.65999984741211,25.65999984741211,21075,-0.148599624633789,-0.5757756239145873,17508.6,Down,None
2024-12-05 10:43:00-05:00,25.65999984741211,25.809999465942383,25.64999961853028,25.670000076293945,31857,0.0100002288818359,0.0389720535514559,21925.4,Down,Rally
2024-12-05 10:44:00-05:00,25.729999542236328,25.770000457763672,25.655799865722656,25.65999984741211,12459,-0.0100002288818359,-0.0389568712587218,17992.4,Down,None
2024-12-05 10:45:00-05:00,25.670000076293945,25.80610084533692,25.65999984741211,25.80610084533692,4530,0.1461009979248082,0.5693725596009447,14863.6,Down,Rally
2024-12-05 10:46:00-05:00,25.78219985961914,25.809999465942383,25.700000762939453,25.75,10320,-0.0561008453369176,-0.2173937305490092,16048.2,Down,None
2024-12-05 10:47:00-05:00,25.75,25.81999969482422,25.703399658203125,25.770000457763672,15206,0.0200004577636718,0.0776716806356159,14874.4,Down,Rally
2024-12-05 10:48:00-05:00,25.790000915527344,25.899900436401367,25.700000762939453,25.75489997863769,16805,-0.0151004791259801,-0.058597124011428,11864.0,Down,None
2024-12-05 10:49:00-05:00,25.780000686645508,25.799999237060547,25.57999992370605,25.57999992370605,44219,-0.1749000549316406,-0.6790942891516161,18216.0,Down,None
2024-12-05 10:50:00-05:00,25.64999961853028,25.670000076293945,25.57119941711425,25.6299991607666,19532,0.0499992370605504,0.1954622252137383,21216.4,Down,Rally
2024-12-05 10:51:00-05:00,25.65719985961914,25.763999938964844,25.63999938964844,25.70009994506836,5814,0.0701007843017578,0.2735106773201323,20315.2,Down,Rally
2024-12-05 10:52:00-05:00,25.725000381469727,25.75,25.63999938964844,25.75,10734,0.0499000549316406,0.1941628827837105,19420.8,Down,Rally
2024-12-05 10:53:00-05:00,25.700000762939453,25.709999084472656,25.63999938964844,25.670000076293945,4039,-0.0799999237060546,-0.3106793153633158,16867.6,Down,None
2024-12-05 10:54:00-05:00,25.68989944458008,25.729999542236328,25.6200008392334,25.6200008392334,6418,-0.0499992370605468,-0.1947769260301712,9307.4,Down,None
2024-12-05 10:55:00-05:00,25.61009979248047,25.61009979248047,25.549999237060547,25.56999969482422,23598,-0.0500011444091796,-0.1951644916912354,10120.6,Down,None
2024-12-05 10:56:00-05:00,25.552000045776367,25.61000061035156,25.51000022888184,25.56999969482422,13955,0.0,0.0,11748.8,Down,None
2024-12-05 10:57:00-05:00,25.57999992370605,25.57999992370605,25.40999984741211,25.43000030517578,85856,-0.1399993896484375,-0.5475142405917843,26773.2,Down,None
2024-12-05 10:58:00-05:00,25.39999961853028,25.420000076293945,25.26000022888184,25.34000015258789,42742,-0.0900001525878906,-0.3539132973174763,34513.8,Down,None
2024-12-05 10:59:00-05:00,25.316200256347656,25.350000381469727,25.290000915527344,25.350000381469727,9149,0.0100002288818359,0.0394642021374069,35060.0,Down,Rally
2024-12-05 11:00:00-05:00,25.39999961853028,25.5,25.35009956359864,25.44499969482422,10095,0.0949993133544921,0.3747507373764502,32359.4,Down,Rally
2024-12-05 11:01:00-05:00,25.40999984741211,25.45800018310547,25.40999984741211,25.440000534057617,4432,-0.0049991607666015,-0.0196469279880484,30454.8,Down,None
2024-12-05 11:02:00-05:00,25.39999961853028,25.479999542236328,25.36000061035156,25.479999542236328,9956,0.0399990081787109,0.1572288024332513,15274.8,Down,Rally
2024-12-05 11:03:00-05:00,25.459999084472656,25.5,25.4060001373291,25.4060001373291,4881,-0.0739994049072265,-0.2904215315410963,7702.6,Down,None
2024-12-05 11:04:00-05:00,25.40999984741211,25.459999084472656,25.40999984741211,25.413799285888672,4248,0.0077991485595703,0.0306980576139981,6722.4,Down,Rally
2024-12-05 11:05:00-05:00,25.440000534057617,25.440000534057617,25.38999938964844,25.434999465942383,12874,0.0212001800537109,0.083419955494346,7278.2,Down,Rally
2024-12-05 11:06:00-05:00,25.40999984741211,25.5,25.299999237060547,25.475000381469727,32130,0.0400009155273437,0.1572672159120935,12817.8,Down,Rally
2024-12-05 11:07:00-05:00,25.51959991455078,25.559999465942383,25.440000534057617,25.459999084472656,9827,-0.0150012969970703,-0.0588863465061262,12792.0,Down,None
2024-12-05 11:08:00-05:00,25.440000534057617,25.46999931335449,25.32999992370605,25.38999938964844,63219,-0.0699996948242152,-0.2749398952920812,24459.6,Down,None
2024-12-05 11:09:00-05:00,25.3700008392334,25.420000076293945,25.32999992370605,25.344200134277344,12845,-0.0457992553710973,-0.1803830503035342,26179.0,Down,None
2024-12-05 11:10:00-05:00,25.33530044555664,25.33530044555664,25.15999984741211,25.1648006439209,42719,-0.1793994903564453,-0.7078522478750959,32148.0,Down,None
2024-12-05 11:11:00-05:00,25.18000030517578,25.209999084472656,25.1200008392334,25.184999465942383,39150,0.0201988220214843,0.0802661714165653,33552.0,Down,Rally
2024-12-05 11:12:00-05:00,25.229999542236328,25.229999542236328,25.131999969482425,25.18000030517578,9559,-0.0049991607666015,-0.0198497553012155,33498.4,Down,None
2024-12-05 11:13:00-05:00,25.18000030517578,25.191499710083008,24.770000457763672,24.98500061035156,114837,-0.1949996948242223,-0.7744229247850343,43822.0,Down,None
2024-12-05 11:14:00-05:00,25.01000022888184,25.1200008392334,24.989999771118164,25.07999992370605,9433,0.0949993133544921,0.3802253793627308,43139.6,Down,Rally
2024-12-05 11:15:00-05:00,25.07999992370605,25.114999771118164,25.040000915527344,25.114999771118164,16256,0.0349998474121129,0.1395528210469843,37847.0,Down,Rally
2024-12-05 11:16:00-05:00,25.13990020751953,25.13990020751953,24.89999961853028,24.916200637817383,26822,-0.1987991333007812,-0.7915553856759239,35381.4,Down,None
2024-12-05 11:17:00-05:00,24.909799575805664,24.959999084472656,24.770000457763672,24.87150001525879,57135,-0.0447006225585937,-0.1794038473536319,44896.6,Down,None
2024-12-05 11:18:00-05:00,24.979999542236328,25.06999969482422,24.906700134277344,25.01499938964844,6629,0.143499374389652,0.5769630874760789,23255.0,Down,Rally
2024-12-05 11:19:00-05:00,25.100000381469727,25.14999961853028,25.00040054321289,25.030000686645508,14814,0.0150012969970667,0.0599692079276126,24331.2,Down,Rally
2024-12-05 11:20:00-05:00,25.030000686645508,25.1200008392334,25.020000457763672,25.1200008392334,14634,0.0900001525878906,0.3595691175346527,24006.8,Down,Rally
2024-12-05 11:21:00-05:00,25.059999465942383,25.290000915527344,25.059999465942383,25.209999084472656,20879,0.0899982452392578,0.3582732572950275,22818.2,Up,None
2024-12-05 11:22:00-05:00,25.209999084472656,25.269899368286133,25.06940078735352,25.11000061035156,12617,-0.0999984741210973,-0.3966619506253321,13914.6,Up,Pullback
2024-12-05 11:23:00-05:00,25.14999961853028,25.239999771118164,25.11000061035156,25.190000534057617,10544,0.0799999237060582,0.3185978564774538,14697.6,Up,None
2024-12-05 11:24:00-05:00,25.229999542236328,25.2455997467041,25.100000381469727,25.114999771118164,11425,-0.0750007629394531,-0.2977402197274714,14019.8,Up,Pullback
2024-12-05 11:25:00-05:00,25.128999710083008,25.16990089416504,25.100000381469727,25.161699295043945,18149,0.0466995239257812,0.1859427607062258,14722.8,Up,None
2024-12-05 11:26:00-05:00,25.1299991607666,25.16990089416504,24.940000534057617,24.94610023498535,19122,-0.2155990600585937,-0.8568541318712097,14371.4,Up,Pullback
2024-12-05 11:27:00-05:00,24.950000762939453,25.1200008392334,24.940000534057617,25.040000915527344,13722,0.0939006805419921,0.3764142677912474,14592.4,Up,None
2024-12-05 11:28:00-05:00,25.02910041809082,25.11989974975586,25.02910041809082,25.049999237060547,3434,0.0099983215332031,0.0399293976343306,13170.4,Up,None
2024-12-05 11:29:00-05:00,25.049999237060547,25.11000061035156,25.049999237060547,25.100000381469727,4255,0.0500011444091796,0.1996053729822255,11736.4,Up,None
2024-12-05 11:30:00-05:00,25.06999969482422,25.1200008392334,25.06130027770996,25.08989906311035,9313,-0.010101318359375,-0.0402442956408566,9969.2,Up,Pullback
2024-12-05 11:31:00-05:00,25.1200008392334,25.19989967346192,25.06999969482422,25.190000534057617,27721,0.1001014709472656,0.398971198311604,11689.0,Up,None
2024-12-05 11:32:00-05:00,25.1299991607666,25.18000030517578,25.09000015258789,25.13999938964844,4080,-0.0500011444091761,-0.1984960037677341,9760.6,Up,Pullback
2024-12-05 11:33:00-05:00,25.19930076599121,25.19930076599121,25.1200008392334,25.1200008392334,9262,-0.0199985504150426,-0.0795487307102993,10926.2,Up,Pullback
2024-12-05 11:34:00-05:00,25.11000061035156,25.148700714111328,24.979999542236328,25.0664005279541,27096,-0.0536003112792968,-0.2133770282188085,15494.4,Up,Pullback
2024-12-05 11:35:00-05:00,25.049999237060547,25.06999969482422,25.00349998474121,25.020000457763672,12660,-0.0464000701904296,-0.1851086283357061,16163.8,Up,Pullback
2024-12-05 11:36:00-05:00,25.030000686645508,25.040000915527344,24.979999542236328,25.020000457763672,8637,0.0,0.0,12347.0,Up,None
2024-12-05 11:37:00-05:00,25.06870079040528,25.06870079040528,24.96999931335449,25.0,12015,-0.0200004577636718,-0.0799378792875504,13934.0,Up,Pullback
2024-12-05 11:38:00-05:00,24.99850082397461,25.059999465942383,24.96999931335449,25.0,6043,0.0,0.0,13290.2,Up,None
2024-12-05 11:39:00-05:00,25.00200080871582,25.07999992370605,25.0,25.07999992370605,12080,0.0799999237060511,0.3199996948242134,10287.0,Up,None
2024-12-05 11:40:00-05:00,25.1200008392334,25.143999099731445,25.07999992370605,25.11000061035156,4022,0.0300006866455078,0.119619963065265,8559.4,Up,None
2024-12-05 11:41:00-05:00,25.11000061035156,25.190000534057617,25.11000061035156,25.15999984741211,3998,0.0499992370605504,0.1991208118088838,7631.6,Up,None
2024-12-05 11:42:00-05:00,25.18000030517578,25.280000686645508,25.15999984741211,25.229999542236328,9926,0.0699996948242187,0.2782181846134657,7213.8,Up,None
2024-12-05 11:43:00-05:00,25.22649955749512,25.36000061035156,25.200000762939453,25.3435001373291,7137,0.1135005950927734,0.4498636430918967,7432.6,Up,None
2024-12-05 11:44:00-05:00,25.290000915527344,25.35169982910156,25.270000457763672,25.35169982910156,9551,0.0081996917724573,0.0323542199302639,6926.8,Up,None
2024-12-05 11:45:00-05:00,25.290000915527344,25.33679962158203,25.200000762939453,25.25760078430176,12279,-0.0940990447997975,-0.3711744988861842,8578.2,Up,Pullback
2024-12-05 11:46:00-05:00,25.200000762939453,25.289899826049805,25.200000762939453,25.270000457763672,8565,0.0123996734619105,0.0490928396873702,9491.6,Up,None
2024-12-05 11:47:00-05:00,25.285400390625,25.285400390625,25.206100463867188,25.25,3461,-0.0200004577636718,-0.0791470415566486,8198.6,Up,Pullback
2024-12-05 11:48:00-05:00,25.26300048828125,25.3031005859375,25.247800827026367,25.280000686645508,3724,0.0300006866455078,0.118814600576278,7516.0,Up,None
2024-12-05 11:49:00-05:00,25.25,25.34000015258789,25.25,25.34000015258789,12464,0.0599994659423828,0.2373396531356819,8098.6,Up,None
2024-12-05 11:50:00-05:00,25.280000686645508,25.34000015258789,25.280000686645508,25.290000915527344,4324,-0.0499992370605468,-0.1973134836600998,6507.6,Up,Pullback
2024-12-05 11:51:00-05:00,25.280000686645508,25.39999961853028,25.280000686645508,25.395000457763672,13663,0.1049995422363281,0.415182042053086,7527.2,Up,None
2024-12-05 11:52:00-05:00,25.330299377441406,25.5,25.299999237060547,25.40999984741211,29495,0.0149993896484375,0.0590643409256186,12734.0,Up,None
2024-12-05 11:53:00-05:00,25.43000030517578,25.502899169921875,25.40139961242676,25.502899169921875,9204,0.0928993225097656,0.3656014288375697,13830.0,Up,None
2024-12-05 11:54:00-05:00,25.5,25.516700744628903,25.420000076293945,25.440000534057617,5072,-0.0628986358642578,-0.2466332766528745,12351.6,Up,Pullback
2024-12-05 11:55:00-05:00,25.46999931335449,25.549999237060547,25.440000534057617,25.459999084472656,7351,0.019998550415039,0.0786106524969021,12957.0,Up,None
2024-12-05 11:56:00-05:00,25.48500061035156,25.4960994720459,25.420000076293945,25.4960994720459,2844,0.0361003875732421,0.1417925721578727,10793.2,Up,None
2024-12-05 11:57:00-05:00,25.489999771118164,25.520000457763672,25.42399978637696,25.450000762939453,3632,-0.0460987091064453,-0.180806907962483,5620.6,Up,Pullback
2024-12-05 11:58:00-05:00,25.450000762939453,25.709999084472656,25.450000762939453,25.6299991607666,21569,0.1799983978271484,0.7072628386293189,8093.6,Up,None
2024-12-05 11:59:00-05:00,25.450000762939453,25.549999237060547,25.440000534057617,25.538799285888672,10881,-0.0911998748779296,-0.3558325316589728,9255.4,Up,Pullback
2024-12-05 12:00:00-05:00,25.4950008392334,25.530000686645508,25.479999542236328,25.479999542236328,3108,-0.0587997436523437,-0.2302369151897965,8406.8,Up,Pullback
2024-12-05 12:01:00-05:00,25.40999984741211,25.45800018310547,25.3700008392334,25.38999938964844,4405,-0.090000152587887,-0.3532188155604188,8719.0,Up,Pullback
2024-12-05 12:02:00-05:00,25.415000915527344,25.489999771118164,25.415000915527344,25.417299270629883,1819,0.0272998809814417,0.1075221805344917,8356.4,Up,None
2024-12-05 12:03:00-05:00,25.450000762939453,25.57999992370605,25.440000534057617,25.565000534057617,6194,0.1477012634277343,0.5811052616373269,5281.4,Up,None
2024-12-05 12:04:00-05:00,25.559999465942383,25.600000381469727,25.530000686645508,25.56999969482422,11723,0.0049991607666015,0.0195547062866063,5449.8,Up,None
2024-12-05 12:05:00-05:00,25.59000015258789,25.61000061035156,25.56999969482422,25.61000061035156,3143,0.0400009155273402,0.1564369026388234,5456.8,Up,None
2024-12-05 12:06:00-05:00,25.6299991607666,25.670000076293945,25.600000381469727,25.670000076293945,3547,0.0599994659423863,0.2342813920829689,5285.2,Up,None
2024-12-05 12:07:00-05:00,25.65999984741211,25.69580078125,25.645000457763672,25.69580078125,6484,0.0258007049560546,0.1005091736633101,6218.2,Up,None
2024-12-05 12:08:00-05:00,25.690000534057617,25.89999961853028,25.690000534057617,25.86000061035156,16071,0.1641998291015589,0.6390142517814557,8193.6,Up,None
2024-12-05 12:09:00-05:00,25.86000061035156,25.888999938964844,25.81599998474121,25.833999633789062,5874,-0.0260009765624964,-0.1005451506141397,7023.8,Up,Pullback
2024-12-05 12:10:00-05:00,25.809999465942383,25.850000381469727,25.700000762939453,25.7007999420166,33199,-0.1331996917724609,-0.5155984116305579,13035.0,Up,Pullback
2024-12-05 12:11:00-05:00,25.725000381469727,25.7450008392334,25.70009994506836,25.7450008392334,6447,0.0442008972167968,0.1719825737584779,13615.0,Up,None
2024-12-05 12:12:00-05:00,25.739999771118164,25.770000457763672,25.71999931335449,25.739999771118164,4537,-0.0050010681152343,-0.0194253950367429,13225.6,Up,Pullback
2024-12-05 12:13:00-05:00,25.780000686645508,25.86000061035156,25.770000457763672,25.799999237060547,4395,0.0599994659423828,0.233098160357037,10890.4,Up,None
2024-12-05 12:14:00-05:00,25.799999237060547,25.86000061035156,25.71999931335449,25.81999969482422,18764,0.0200004577636718,0.0775211564151501,13468.4,Up,None
2024-12-05 12:15:00-05:00,25.81999969482422,25.81999969482422,25.71999931335449,25.71999931335449,2744,-0.1000003814697301,-0.3872981512458184,7377.4,Up,Pullback
2024-12-05 12:16:00-05:00,25.72010040283203,25.79719924926757,25.700000762939453,25.700000762939453,7601,-0.0199985504150355,-0.0777548637205916,7608.2,Up,Pullback
2024-12-05 12:17:00-05:00,25.71999931335449,25.739999771118164,25.71999931335449,25.739999771118164,2386,0.0399990081787109,0.1556381594991718,7178.0,Up,None
2024-12-05 12:18:00-05:00,25.72330093383789,25.84000015258789,25.72330093383789,25.84000015258789,9191,0.1000003814697265,0.3885018739663515,8137.2,Up,None
2024-12-05 12:19:00-05:00,25.87849998474121,25.93000030517578,25.850000381469727,25.86050033569336,6261,0.0205001831054687,0.0793350734690889,5636.6,Up,None
2024-12-05 12:20:00-05:00,25.86000061035156,25.887800216674805,25.80069923400879,25.882999420166016,11012,0.0224990844726562,0.087001736937009,7290.2,Up,None
2024-12-05 12:21:00-05:00,25.85890007019043,25.920000076293945,25.85890007019043,25.920000076293945,4331,0.0370006561279296,0.1429535098590673,6636.2,Up,None
2024-12-05 12:22:00-05:00,25.8799991607666,25.909099578857425,25.850000381469727,25.8799991607666,8136,-0.0400009155273437,-0.1543245193271758,7786.2,Up,Pullback
2024-12-05 12:23:00-05:00,25.86000061035156,25.864999771118164,25.850000381469727,25.850000381469727,1559,-0.029998779296875,-0.1159149160342765,6259.8,Up,Pullback
2024-12-05 12:24:00-05:00,25.90800094604492,26.01499938964844,25.867000579833984,25.959999084472656,14207,0.1099987030029296,0.4255268912173093,7849.0,Up,None
2024-12-05 12:25:00-05:00,25.959999084472656,26.030000686645508,25.88999938964844,25.988399505615234,9001,0.0284004211425781,0.1094007016339437,7446.8,Up,None
2024-12-05 12:26:00-05:00,25.975000381469727,26.0,25.92040061950684,25.93000030517578,8805,-0.0583992004394531,-0.2247125700327701,8341.6,Up,Pullback
2024-12-05 12:27:00-05:00,25.93000030517578,25.934999465942383,25.86000061035156,25.9143009185791,7802,-0.0156993865966796,-0.0605452619047874,8274.8,Up,Pullback
2024-12-05 12:28:00-05:00,25.920000076293945,26.049999237060547,25.915000915527344,26.049999237060547,3442,0.1356983184814453,0.5236425976058445,8651.4,Up,None
2024-12-05 12:29:00-05:00,26.0,26.0,25.979999542236328,25.98990058898925,2747,-0.0600986480712926,-0.2307049897559809,6359.4,Up,Pullback
2024-12-05 12:30:00-05:00,25.959999084472656,25.999900817871094,25.90369987487793,25.95389938354492,2304,-0.0360012054443359,-0.1385199813330073,5020.0,Up,Pullback
2024-12-05 12:31:00-05:00,25.86000061035156,25.86000061035156,25.86000061035156,25.86000061035156,837,-0.0938987731933593,-0.3617906188420061,3426.4,Up,Pullback
2024-12-05 12:32:00-05:00,25.940000534057617,25.96999931335449,25.93000030517578,25.96999931335449,4316,0.1099987030029296,0.4253623372263204,2729.2,Up,None
2024-12-05 12:33:00-05:00,25.989999771118164,26.040000915527344,25.989999771118164,25.989999771118164,11900,0.0200004577636754,0.0770137015498217,4420.8,Up,None
2024-12-05 12:34:00-05:00,26.03059959411621,26.0629997253418,26.03059959411621,26.049999237060547,3715,0.0599994659423828,0.2308559694912171,4614.4,Up,None
2024-12-05 12:35:00-05:00,26.049999237060547,26.049999237060547,26.049999237060547,26.049999237060547,3840,0.0,0.0,4921.6,Up,None
2024-12-05 12:36:00-05:00,26.040000915527344,26.049999237060547,26.040000915527344,26.049999237060547,1188,0.0,0.0,4991.8,Up,None
2024-12-05 12:37:00-05:00,26.06999969482422,26.190000534057617,26.03179931640625,26.14999961853028,14167,0.1000003814697301,0.3838786349270373,6962.0,Up,None
2024-12-05 12:38:00-05:00,26.14999961853028,26.202999114990234,26.14999961853028,26.202999114990234,11751,0.0529994964599573,0.2026749416179862,6932.2,Up,None
2024-12-05 12:39:00-05:00,26.200000762939453,26.21999931335449,26.14999961853028,26.14999961853028,13207,-0.0529994964599573,-0.2022650011449966,8830.6,Up,Pullback
2024-12-05 12:40:00-05:00,26.1200008392334,26.1200008392334,26.061899185180664,26.07999992370605,7308,-0.0699996948242258,-0.2676852613589409,9524.2,Up,Pullback
2024-12-05 12:41:00-05:00,26.1200008392334,26.155000686645508,26.091100692749023,26.14999961853028,2454,0.0699996948242258,0.268403738608125,9777.4,Up,None
2024-12-05 12:42:00-05:00,26.1299991607666,26.1879997253418,26.12070083618164,26.15900039672852,1621,0.0090007781982421,0.0344198024074371,7268.2,Up,None
2024-12-05 12:43:00-05:00,26.100000381469727,26.14999961853028,26.100000381469727,26.14999961853028,1663,-0.0090007781982421,-0.0344079592558443,5250.6,Up,Pullback
2024-12-05 12:44:00-05:00,26.15999984741211,26.20050048828125,26.110700607299805,26.15999984741211,8994,0.0100002288818323,0.0382417936050316,4408.0,Up,None
2024-12-05 12:45:00-05:00,26.14999961853028,26.14999961853028,26.1299991607666,26.1299991607666,3612,-0.0300006866455078,-0.114681524543192,3668.8,Up,Pullback
2024-12-05 12:46:00-05:00,26.15999984741211,26.200000762939453,26.131000518798828,26.200000762939453,14130,0.0700016021728515,0.2678974528172118,6004.0,Up,None
2024-12-05 12:47:00-05:00,26.192800521850582,26.239999771118164,26.1299991607666,26.1299991607666,5383,-0.0700016021728515,-0.2671816799023507,6756.4,Up,Pullback
2024-12-05 12:48:00-05:00,26.14299964904785,26.194299697875977,26.14299964904785,26.174999237060547,6017,0.0450000762939453,0.1722161413671763,7627.2,Up,None
2024-12-05 12:49:00-05:00,26.152999877929688,26.209999084472656,26.152999877929688,26.190000534057617,2459,0.0150012969970703,0.0573115470270169,6320.2,Up,None
2024-12-05 12:50:00-05:00,26.202800750732425,26.239999771118164,26.200000762939453,26.221900939941406,4284,0.031900405883789,0.121803761868211,6454.6,Up,None
2024-12-05 12:51:00-05:00,26.21999931335449,26.2549991607666,26.21999931335449,26.2549991607666,4940,0.0330982208251953,0.1262235750985496,4616.6,Up,None
2024-12-05 12:52:00-05:00,26.21999931335449,26.225000381469727,26.21999931335449,26.225000381469727,1560,-0.029998779296875,-0.1142593039641148,3852.0,Up,Pullback
2024-12-05 12:53:00-05:00,26.214399337768555,26.214399337768555,26.11280059814453,26.13999938964844,9046,-0.0850009918212855,-0.3241219850709576,4457.8,Up,Pullback
2024-12-05 12:54:00-05:00,26.19070053100586,26.19070053100586,26.1299991607666,26.15999984741211,3706,0.0200004577636683,0.0765128470951337,4707.2,Up,None
2024-12-05 12:55:00-05:00,26.15999984741211,26.15999984741211,26.13999938964844,26.13999938964844,5680,-0.0200004577636683,-0.0764543496954428,4986.4,Up,Pullback
2024-12-05 12:56:00-05:00,26.155000686645508,26.18000030517578,26.030000686645508,26.030000686645508,32352,-0.1099987030029332,-0.4208060656898604,10468.8,Up,Pullback
2024-12-05 12:57:00-05:00,26.075000762939453,26.09000015258789,26.040000915527344,26.040000915527344,6740,0.0100002288818359,0.038418089197223,11504.8,Up,None
2024-12-05 12:58:00-05:00,26.100000381469727,26.100000381469727,26.020000457763672,26.040000915527344,2450,0.0,0.0,10185.6,Up,None
2024-12-05 12:59:00-05:00,26.03499984741211,26.049999237060547,26.02179908752441,26.049999237060547,2897,0.0099983215332031,0.0383960106823177,10023.8,Up,None
2024-12-05 13:00:00-05:00,26.100000381469727,26.1200008392334,26.06999969482422,26.088600158691406,10572,0.0386009216308593,0.1481801257634751,11002.2,Up,None
2024-12-05 13:01:00-05:00,26.020000457763672,26.145000457763672,26.0,26.145000457763672,9231,0.0564002990722656,0.2161875253144929,6378.0,Up,None
2024-12-05 13:02:00-05:00,26.190000534057617,26.200000762939453,26.14999961853028,26.18000030517578,3549,0.0349998474121093,0.1338682226020626,5739.8,Up,None
2024-12-05 13:03:00-05:00,26.14999961853028,26.14999961853028,26.040000915527344,26.040000915527344,7913,-0.1399993896484375,-0.5347570206894137,6832.4,Up,Pullback
2024-12-05 13:04:00-05:00,26.040000915527344,26.075000762939453,26.040000915527344,26.075000762939453,1200,0.0349998474121093,0.134408011449949,6493.0,Up,None
2024-12-05 13:05:00-05:00,26.084199905395508,26.105600357055664,26.082000732421875,26.105600357055664,620,0.0305995941162109,0.1173522271174842,4502.6,Up,None
2024-12-05 13:06:00-05:00,26.049999237060547,26.07999992370605,26.040000915527344,26.07999992370605,1559,-0.0256004333496129,-0.0980649094426744,2968.2,Up,Pullback
2024-12-05 13:07:00-05:00,26.040000915527344,26.13999938964844,26.040000915527344,26.059999465942383,6014,-0.0200004577636683,-0.0766888720175495,3461.2,Up,Pullback
2024-12-05 13:08:00-05:00,26.059999465942383,26.059999465942383,26.059999465942383,26.059999465942383,960,0.0,0.0,2070.6,Up,None
2024-12-05 13:09:00-05:00,26.01000022888184,26.01000022888184,26.01000022888184,26.01000022888184,1624,-0.0499992370605433,-0.1918620033967699,2155.4,Up,Pullback
2024-12-05 13:10:00-05:00,26.049999237060547,26.049999237060547,26.01000022888184,26.01000022888184,627,0.0,0.0,2156.8,Up,None
2024-12-05 13:11:00-05:00,26.08580017089844,26.08580017089844,26.01000022888184,26.01000022888184,1621,0.0,0.0,2169.2,Up,None
2024-12-05 13:12:00-05:00,26.01000022888184,26.05500030517578,26.01000022888184,26.01000022888184,3695,0.0,0.0,1705.4,Up,None
2024-12-05 13:13:00-05:00,26.000099182128903,26.03319931030273,25.959999084472656,25.989999771118164,5755,-0.0200004577636754,-0.0768952617749896,2664.4,Up,Pullback
2024-12-05 13:14:00-05:00,26.040000915527344,26.065000534057617,26.00349998474121,26.00349998474121,7724,0.0135002136230468,0.051943877421845,3884.4,Up,None
2024-12-05 13:15:00-05:00,26.01000022888184,26.06999969482422,25.989999771118164,26.020000457763672,2849,0.0165004730224609,0.0634548158215064,4328.8,Up,None
2024-12-05 13:16:00-05:00,26.059999465942383,26.06999969482422,26.01160049438477,26.020000457763672,3574,0.0,0.0,4719.4,Up,None
2024-12-05 13:17:00-05:00,26.04439926147461,26.059999465942383,26.0,26.059999465942383,1132,0.0399990081787109,0.1537240871445799,4206.8,Up,None
2024-12-05 13:18:00-05:00,26.010099411010746,26.010099411010746,25.959999084472656,25.979999542236328,14119,-0.0799999237060546,-0.3069835968746104,5879.6,Up,Pullback
2024-12-05 13:19:00-05:00,25.98500061035156,25.99329948425293,25.8700008392334,25.8700008392334,7120,-0.1099987030029296,-0.4233976325677013,5758.8,Up,Pullback
2024-12-05 13:20:00-05:00,25.8700008392334,25.871400833129883,25.660200119018555,25.69669914245605,46092,-0.1733016967773473,-0.6698944381730576,14407.4,Down,None
2024-12-05 13:21:00-05:00,25.690000534057617,25.746700286865234,25.65999984741211,25.670000076293945,5933,-0.0266990661621058,-0.1039007617830378,14879.2,Down,None
2024-12-05 13:22:00-05:00,25.700000762939453,25.729999542236328,25.700000762939453,25.729999542236328,3013,0.0599994659423828,0.233733797288882,15255.4,Down,Rally
2024-12-05 13:23:00-05:00,25.65999984741211,25.66519927978516,25.559999465942383,25.59000015258789,12768,-0.1399993896484375,-0.5441095691378628,14985.2,Down,None
2024-12-05 13:24:00-05:00,25.559999465942383,25.59000015258789,25.545000076293945,25.56010055541992,4324,-0.0298995971679723,-0.1168409417338312,14426.0,Down,None
2024-12-05 13:25:00-05:00,25.51000022888184,25.51799964904785,25.479999542236328,25.485700607299805,8815,-0.0743999481201136,-0.2910784641038444,6970.6,Down,None
2024-12-05 13:26:00-05:00,25.479999542236328,25.545000076293945,25.479999542236328,25.545000076293945,3562,0.0592994689941406,0.2326774135342324,6496.4,Down,Rally
2024-12-05 13:27:00-05:00,25.51000022888184,25.51000022888184,25.489999771118164,25.489999771118164,3585,-0.0550003051757812,-0.2153075161930528,6610.8,Down,None
2024-12-05 13:28:00-05:00,25.46999931335449,25.5,25.453500747680664,25.49810028076172,2228,0.0081005096435546,0.0317791671882838,4502.8,Down,Rally
2024-12-05 13:29:00-05:00,25.489999771118164,25.5,25.39999961853028,25.459999084472656,10131,-0.0381011962890625,-0.1494275882106044,5664.2,Down,None
2024-12-05 13:30:00-05:00,25.45499992370605,25.45499992370605,25.3700008392334,25.375,6838,-0.0849990844726562,-0.3338534466974741,5268.8,Down,None
2024-12-05 13:31:00-05:00,25.38999938964844,25.40999984741211,25.350000381469727,25.350000381469727,3440,-0.0249996185302734,-0.0985206641587077,5244.4,Down,None
2024-12-05 13:32:00-05:00,25.367000579833984,25.43000030517578,25.367000579833984,25.43000030517578,14642,0.0799999237060546,0.3155815483321778,7455.8,Down,Rally
2024-12-05 13:33:00-05:00,25.426300048828125,25.479999542236328,25.426300048828125,25.46999931335449,4295,0.0399990081787073,0.1572906319256661,7869.2,Down,Rally
2024-12-05 13:34:00-05:00,25.489999771118164,25.56599998474121,25.46619987487793,25.53580093383789,3197,0.0658016204834019,0.258349518089318,6482.4,Down,Rally
2024-12-05 13:35:00-05:00,25.54450035095215,25.63999938964844,25.530000686645508,25.530000686645508,8243,-0.0058002471923828,-0.0227141776653505,6763.4,Down,None
2024-12-05 13:36:00-05:00,25.582199096679688,25.6200008392334,25.575899124145508,25.614999771118164,1907,0.0849990844726562,0.3329380422504968,6456.8,Down,Rally
2024-12-05 13:37:00-05:00,25.63999938964844,25.66830062866211,25.56999969482422,25.56999969482422,13050,-0.0450000762939453,-0.1756786129066601,6138.4,Down,None
2024-12-05 13:38:00-05:00,25.65999984741211,25.748899459838867,25.6200008392334,25.748899459838867,3080,0.1788997650146484,0.6996471143910998,5895.4,Down,Rally
2024-12-05 13:39:00-05:00,25.632099151611328,25.68000030517578,25.6299991607666,25.670000076293945,1345,-0.0788993835449218,-0.3064184691387805,5525.0,Down,None
2024-12-05 13:40:00-05:00,25.63999938964844,25.729999542236328,25.63999938964844,25.709999084472656,11670,0.0399990081787109,0.1558200547714383,6210.4,Down,Rally
2024-12-05 13:41:00-05:00,25.71220016479492,25.71220016479492,25.700000762939453,25.700000762939453,1822,-0.0099983215332031,-0.0388888443766721,6193.4,Down,None
2024-12-05 13:42:00-05:00,25.68000030517578,25.69050025939941,25.65379905700684,25.69050025939941,1514,-0.0095005035400426,-0.0369669387471072,3886.2,Down,None
2024-12-05 13:43:00-05:00,25.69050025939941,25.700000762939453,25.656400680541992,25.700000762939453,924,0.0095005035400426,0.0369806093463154,3455.0,Down,Rally
2024-12-05 13:44:00-05:00,25.65999984741211,25.665000915527344,25.600000381469727,25.614999771118164,1603,-0.085000991821289,-0.3307431490191415,3506.6,Down,None
2024-12-05 13:45:00-05:00,25.65999984741211,25.66819953918457,25.63999938964844,25.66819953918457,702,0.0531997680664062,0.2076899025640122,1313.0,Down,Rally
2024-12-05 13:46:00-05:00,25.64999961853028,25.64999961853028,25.59000015258789,25.63599967956543,2041,-0.0321998596191406,-0.1254465065614995,1356.8,Down,None
2024-12-05 13:47:00-05:00,25.63999938964844,25.67919921875,25.6299991607666,25.63999938964844,914,0.0039997100830113,0.0156019274965002,1236.8,Down,Rally
2024-12-05 13:48:00-05:00,25.6299991607666,25.6299991607666,25.6299991607666,25.6299991607666,277,-0.0100002288818394,-0.0390024536657263,1107.4,Down,None
2024-12-05 13:49:00-05:00,25.63999938964844,25.653499603271484,25.600000381469727,25.63999938964844,3389,0.0100002288818394,0.0390176715149737,1464.6,Down,Rally
2024-12-05 13:50:00-05:00,25.67889976501465,25.67889976501465,25.600000381469727,25.600000381469727,3062,-0.0399990081787144,-0.1560023757054551,1936.6,Down,None
2024-12-05 13:51:00-05:00,25.51180076599121,25.520000457763672,25.5,25.51000022888184,4573,-0.090000152587887,-0.3515630908077383,2443.0,Down,None
2024-12-05 13:52:00-05:00,25.479999542236328,25.540000915527344,25.479999542236328,25.538799285888672,1483,0.0287990570068323,0.112893205599529,2556.8,Down,Rally
2024-12-05 13:53:00-05:00,25.51000022888184,25.51000022888184,25.420000076293945,25.42009925842285,6274,-0.1187000274658203,-0.4647831173934968,3756.2,Down,None
2024-12-05 13:54:00-05:00,25.42720031738281,25.459999084472656,25.42720031738281,25.440000534057617,9805,0.0199012756347656,0.0782895276389306,5039.4,Down,Rally
2024-12-05 13:55:00-05:00,25.5039005279541,25.530000686645508,25.489999771118164,25.489999771118164,2680,0.0499992370605468,0.1965378774014148,4963.0,Down,Rally
2024-12-05 13:56:00-05:00,25.489999771118164,25.530000686645508,25.450000762939453,25.530000686645508,6748,0.0400009155273437,0.1569278771538673,5398.0,Down,Rally
2024-12-05 13:57:00-05:00,25.46999931335449,25.5,25.36000061035156,25.3700008392334,6456,-0.1599998474121093,-0.6267130556553591,6392.6,Down,None
2024-12-05 13:58:00-05:00,25.393699645996094,25.402700424194336,25.393699645996094,25.402700424194336,2987,0.0326995849609375,0.1288907523817162,5735.2,Down,Rally
2024-12-05 13:59:00-05:00,25.40010070800781,25.450000762939453,25.40010070800781,25.431699752807617,5055,0.0289993286132812,0.1141584482319935,4785.2,Down,Rally
2024-12-05 14:00:00-05:00,25.39999961853028,25.51000022888184,25.39999961853028,25.51000022888184,5327,0.0783004760742223,0.3078853432342043,5314.6,Down,Rally
2024-12-05 14:01:00-05:00,25.530000686645508,25.530000686645508,25.5,25.5,1947,-0.0100002288818394,-0.0392012104747707,4354.4,Down,None
2024-12-05 14:02:00-05:00,25.489999771118164,25.489999771118164,25.489999771118164,25.489999771118164,3098,-0.0100002288818359,-0.0392165838503322,3682.8,Down,None
2024-12-05 14:03:00-05:00,25.459999084472656,25.459999084472656,25.459999084472656,25.459999084472656,1304,-0.0300006866455078,-0.1176959078654116,3346.2,Down,None
2024-12-05 14:04:00-05:00,25.489999771118164,25.489999771118164,25.489999771118164,25.489999771118164,374,0.0300006866455078,0.1178345943610104,2410.0,Down,Rally
2024-12-05 14:05:00-05:00,25.450000762939453,25.549999237060547,25.440000534057617,25.51000022888184,15135,0.0200004577636754,0.0784639385769558,4371.6,Down,Rally
2024-12-05 14:06:00-05:00,25.54990005493164,25.54990005493164,25.481300354003903,25.51499938964844,1351,0.0049991607666015,0.0195968668041945,4252.4,Down,Rally
2024-12-05 14:07:00-05:00,25.530000686645508,25.549999237060547,25.52499961853028,25.540000915527344,1482,0.0250015258789026,0.0979875621280434,3929.2,Down,Rally
2024-12-05 14:08:00-05:00,25.559999465942383,25.559999465942383,25.549999237060547,25.549999237060547,902,0.0099983215332031,0.0391476944980206,3848.8,Down,Rally
2024-12-05 14:09:00-05:00,25.600000381469727,25.600000381469727,25.59709930419922,25.59709930419922,2131,0.0471000671386718,0.1843446909788992,4200.2,Down,Rally
2024-12-05 14:10:00-05:00,25.59860038757324,25.659900665283203,25.57999992370605,25.63999938964844,8773,0.0429000854492223,0.167597448989798,2927.8,Down,Rally
2024-12-05 14:11:00-05:00,25.65449905395508,25.680099487304688,25.645000457763672,25.67219924926757,6637,0.0321998596191335,0.1255844788831561,3985.0,Down,Rally
2024-12-05 14:12:00-05:00,25.684999465942383,25.684999465942383,25.6299991607666,25.6299991607666,3015,-0.042200088500973,-0.1643804961593886,4291.6,Down,None
2024-12-05 14:13:00-05:00,25.6299991607666,25.663000106811523,25.6299991607666,25.663000106811523,434,0.0330009460449218,0.1287590601853683,4198.0,Down,Rally
2024-12-05 14:14:00-05:00,25.670000076293945,25.670000076293945,25.670000076293945,25.670000076293945,659,0.0069999694824218,0.0272765049031287,3903.6,Down,Rally
2024-12-05 14:15:00-05:00,25.674999237060547,25.674999237060547,25.65999984741211,25.65999984741211,467,-0.0100002288818359,-0.0389568712587218,2242.4,Down,None
2024-12-05 14:16:00-05:00,25.670000076293945,25.670000076293945,25.670000076293945,25.670000076293945,1932,0.0100002288818359,0.0389720535514559,1301.4,Down,Rally
2024-12-05 14:17:00-05:00,25.67720031738281,25.697599411010746,25.6299991607666,25.6299991607666,2450,-0.0400009155273437,-0.1558274850348873,1188.4,Down,None
2024-12-05 14:18:00-05:00,25.645000457763672,25.645000457763672,25.550600051879883,25.600000381469727,8610,-0.029998779296875,-0.1170455726849817,2823.6,Down,None
2024-12-05 14:19:00-05:00,25.63999938964844,25.63999938964844,25.63999938964844,25.63999938964844,217,0.0399990081787144,0.1562461233698631,2735.2,Down,Rally
2024-12-05 14:20:00-05:00,25.614999771118164,25.68000030517578,25.614999771118164,25.68000030517578,2217,0.0400009155273402,0.1560098146628163,3085.2,Down,Rally
2024-12-05 14:21:00-05:00,25.69799995422364,25.709999084472656,25.690000534057617,25.69619941711425,1117,0.016199111938473,0.0630806532163852,2922.2,Down,Rally
2024-12-05 14:22:00-05:00,25.655000686645508,25.709999084472656,25.655000686645508,25.709999084472656,733,0.0137996673584019,0.0537031454901137,2578.8,Down,Rally
2024-12-05 14:23:00-05:00,25.600000381469727,25.709999084472656,25.600000381469727,25.709999084472656,2242,0.0,0.0,1305.2,Down,None
2024-12-05 14:25:00-05:00,25.690000534057617,25.690000534057617,25.62220001220703,25.6299991607666,1742,-0.0799999237060546,-0.3111626859386818,1610.2,Down,None
2024-12-05 14:26:00-05:00,25.690000534057617,25.690000534057617,25.6299991607666,25.68000030517578,1524,0.0500011444091796,0.1950883575748241,1471.6,Down,Rally
2024-12-05 14:27:00-05:00,25.65999984741211,25.65999984741211,25.63999938964844,25.63999938964844,1353,-0.0400009155273402,-0.1557668031619052,1518.8,Down,None
2024-12-05 14:28:00-05:00,25.636999130249023,25.636999130249023,25.636999130249023,25.636999130249023,206,-0.0030002593994176,-0.0117014799954628,1413.4,Down,None
2024-12-05 14:30:00-05:00,25.63999938964844,25.63999938964844,25.63999938964844,25.63999938964844,521,0.0030002593994176,0.0117028494020399,1069.2,Down,Rally
2024-12-05 14:31:00-05:00,25.61470031738281,25.63500022888184,25.61470031738281,25.63500022888184,264,-0.0049991607666015,-0.0194975073541492,773.6,Down,None
2024-12-05 14:32:00-05:00,25.6338005065918,25.64999961853028,25.6338005065918,25.64999961853028,1907,0.0149993896484375,0.0585113692783911,850.2,Down,Rally
2024-12-05 14:33:00-05:00,25.68000030517578,25.68000030517578,25.66469955444336,25.66469955444336,1202,0.0146999359130823,0.0573096925212457,820.0,Down,Rally
2024-12-05 14:34:00-05:00,25.63999938964844,25.63999938964844,25.57999992370605,25.57999992370605,3824,-0.0846996307373082,-0.3300238545852929,1543.6,Down,None
2024-12-05 14:35:00-05:00,25.57999992370605,25.57999992370605,25.57999992370605,25.57999992370605,129,0.0,0.0,1465.2,Down,None
2024-12-05 14:36:00-05:00,25.549999237060547,25.55500030517578,25.516700744628903,25.55500030517578,2284,-0.0249996185302698,-0.0977311126068469,1869.2,Down,None
2024-12-05 14:37:00-05:00,25.57999992370605,25.58289909362793,25.530000686645508,25.558500289916992,1944,0.0034999847412109,0.0136958900387895,1876.6,Down,Rally
2024-12-05 14:38:00-05:00,25.57999992370605,25.57999992370605,25.57999992370605,25.57999992370605,243,0.0214996337890589,0.0841193088216618,1684.8,Down,Rally
2024-12-05 14:39:00-05:00,25.584999084472656,25.65999984741211,25.584999084472656,25.59000015258789,1986,0.0100002288818394,0.0390939363239528,1317.2,Down,Rally
2024-12-05 14:40:00-05:00,25.61000061035156,25.61039924621582,25.61000061035156,25.61039924621582,1083,0.0203990936279296,0.0797150977190019,1508.0,Down,Rally
2024-12-05 14:41:00-05:00,25.61000061035156,25.614999771118164,25.57999992370605,25.57999992370605,989,-0.0303993225097691,-0.1186991355250355,1249.0,Down,None
2024-12-05 14:42:00-05:00,25.559999465942383,25.56999969482422,25.530000686645508,25.547700881958008,6549,-0.0322990417480433,-0.1262667781250059,2170.0,Down,None
2024-12-05 14:43:00-05:00,25.540000915527344,25.549999237060547,25.5,25.530000686645508,2770,-0.0177001953125,-0.0692829284102081,2675.4,Down,None
2024-12-05 14:44:00-05:00,25.5,25.5,25.479999542236328,25.479999542236328,2329,-0.0500011444091796,-0.195852499272886,2744.0,Down,None
2024-12-05 14:45:00-05:00,25.49620056152344,25.56999969482422,25.49620056152344,25.520000457763672,4014,0.0400009155273437,0.1569894672134308,3330.2,Down,Rally
2024-12-05 14:46:00-05:00,25.545000076293945,25.545000076293945,25.39999961853028,25.39999961853028,4682,-0.1200008392333948,-0.4702227158341898,4068.8,Down,None
2024-12-05 14:47:00-05:00,25.467199325561523,25.467199325561523,25.467199325561523,25.467199325561523,249,0.0671997070312464,0.2645657796869427,2808.8,Down,Rally
2024-12-05 14:48:00-05:00,25.46500015258789,25.519899368286133,25.45039939880371,25.475000381469727,4505,0.0078010559082031,0.0306317777957421,3155.8,Down,Rally
2024-12-05 14:49:00-05:00,25.450000762939453,25.450000762939453,25.420000076293945,25.44499969482422,1711,-0.0300006866455078,-0.1177652058734768,3032.2,Down,None
2024-12-05 14:50:00-05:00,25.420000076293945,25.429000854492188,25.39999961853028,25.4030990600586,3326,-0.0419006347656214,-0.1646713903248553,2894.6,Down,None
2024-12-05 14:51:00-05:00,25.479900360107425,25.479900360107425,25.42009925842285,25.469900131225582,1896,0.066801071166985,0.2629642588451553,2337.4,Down,Rally
2024-12-05 14:52:00-05:00,25.420000076293945,25.489999771118164,25.38999938964844,25.489999771118164,11207,0.0200996398925816,0.078915267782853,4529.0,Down,Rally
2024-12-05 14:54:00-05:00,25.46999931335449,25.502899169921875,25.450000762939453,25.502899169921875,3811,0.0128993988037109,0.0506057234975987,4390.2,Down,Rally
2024-12-05 14:55:00-05:00,25.5,25.549999237060547,25.489999771118164,25.530000686645508,4650,0.0271015167236328,0.1062683757758753,4978.0,Down,Rally
2024-12-05 14:56:00-05:00,25.549999237060547,25.5841007232666,25.549999237060547,25.56999969482422,1914,0.0399990081787109,0.1566745284093729,4695.6,Down,Rally
2024-12-05 14:57:00-05:00,25.57999992370605,25.57999992370605,25.56290054321289,25.56290054321289,1508,-0.0070991516113281,-0.0277635967776967,4618.0,Down,None
2024-12-05 14:58:00-05:00,25.599300384521484,25.600000381469727,25.56999969482422,25.58830070495605,1885,0.0254001617431605,0.0993633789726722,2753.6,Down,Rally
2024-12-05 14:59:00-05:00,25.559999465942383,25.600000381469727,25.518600463867188,25.518600463867188,6042,-0.0697002410888636,-0.2723910504747295,3199.8,Down,None
2024-12-05 15:00:00-05:00,25.511699676513672,25.530000686645508,25.5,25.52499961853028,7953,0.0063991546630894,0.0250764326678032,3860.4,Down,Rally
2024-12-05 15:01:00-05:00,25.489999771118164,25.520000457763672,25.475000381469727,25.475000381469727,3483,-0.0499992370605504,-0.1958833998346176,4174.2,Down,None
2024-12-05 15:02:00-05:00,25.5,25.5,25.450000762939453,25.459999084472656,2672,-0.0150012969970703,-0.0588863465061262,4407.0,Down,None
2024-12-05 15:03:00-05:00,25.450000762939453,25.530000686645508,25.450000762939453,25.52630043029785,2262,0.0663013458251953,0.2604137792983296,4482.4,Down,Rally
2024-12-05 15:04:00-05:00,25.5,25.559999465942383,25.5,25.559999465942383,1874,0.0336990356445312,0.1320169201038279,3648.8,Down,Rally
2024-12-05 15:05:00-05:00,25.56999969482422,25.56999969482422,25.56999969482422,25.56999969482422,3261,0.0100002288818359,0.0391245269592444,2710.4,Down,Rally
2024-12-05 15:06:00-05:00,25.565200805664062,25.56999969482422,25.565200805664062,25.56999969482422,2432,0.0,0.0,2500.2,Down,None
2024-12-05 15:07:00-05:00,25.549999237060547,25.549999237060547,25.489999771118164,25.489999771118164,1845,-0.0799999237060546,-0.312866345955598,2334.8,Down,None
2024-12-05 15:08:00-05:00,25.51000022888184,25.520000457763672,25.51000022888184,25.520000457763672,738,0.0300006866455078,0.1176959078654116,2030.0,Down,Rally
2024-12-05 15:09:00-05:00,25.495800018310547,25.52499961853028,25.495800018310547,25.52499961853028,531,0.0049991607666051,0.0195891876055398,1761.4,Down,Rally
2024-12-05 15:10:00-05:00,25.540000915527344,25.56999969482422,25.520000457763672,25.540000915527344,1622,0.0150012969970667,0.0587709979285477,1433.6,Down,Rally
2024-12-05 15:11:00-05:00,25.559999465942383,25.569299697875977,25.530000686645508,25.559999465942383,1615,0.019998550415039,0.0783028570797039,1270.2,Down,Rally
2024-12-05 15:12:00-05:00,25.530000686645508,25.58440017700196,25.5,25.545000076293945,8038,-0.0149993896484375,-0.0586830593186205,2508.8,Down,None
2024-12-05 15:13:00-05:00,25.57990074157715,25.57990074157715,25.46999931335449,25.56999969482422,41931,0.0249996185302734,0.0978650164635386,10747.4,Down,Rally
2024-12-05 15:14:00-05:00,25.540000915527344,25.56999969482422,25.520000457763672,25.520000457763672,3390,-0.0499992370605468,-0.1955386689764693,11319.2,Down,None
2024-12-05 15:15:00-05:00,25.545000076293945,25.569499969482425,25.53499984741211,25.545000076293945,6367,0.0249996185302734,0.0979608859006386,12268.2,Down,Rally
2024-12-05 15:16:00-05:00,25.545000076293945,25.549999237060547,25.40999984741211,25.489999771118164,23507,-0.0550003051757812,-0.2153075161930528,16646.6,Down,None
2024-12-05 15:17:00-05:00,25.420000076293945,25.420000076293945,25.21999931335449,25.21999931335449,16858,-0.2700004577636754,-1.0592407225895828,18410.6,Down,None
2024-12-05 15:18:00-05:00,25.239999771118164,25.249500274658203,25.1299991607666,25.1299991607666,19669,-0.090000152587887,-0.3568602499534168,13958.2,Down,None
2024-12-05 15:19:00-05:00,25.13999938964844,25.18000030517578,25.13999938964844,25.14999961853028,4764,0.0200004577636754,0.0795879762499174,14233.0,Down,Rally
2024-12-05 15:20:00-05:00,25.11030006408692,25.15999984741211,25.059999465942383,25.084999084472656,17006,-0.0650005340576207,-0.2584514315846276,16360.8,Down,None
2024-12-05 15:21:00-05:00,25.059999465942383,25.10950088500977,25.040000915527344,25.05500030517578,13492,-0.029998779296875,-0.119588520596936,14357.8,Down,None
2024-12-05 15:22:00-05:00,25.02009963989257,25.030000686645508,24.940000534057617,25.00749969482422,49614,-0.0475006103515625,-0.189585351319077,20909.0,Down,None
2024-12-05 15:23:00-05:00,25.01000022888184,25.049999237060547,24.96999931335449,25.049999237060547,14691,0.0424995422363281,0.1699471868638058,19913.4,Down,Rally
2024-12-05 15:24:00-05:00,25.049999237060547,25.102500915527344,25.012500762939453,25.040000915527344,11368,-0.0099983215332031,-0.0399134604300188,21234.2,Down,None
2024-12-05 15:25:00-05:00,25.059999465942383,25.07999992370605,24.979999542236328,24.989999771118164,13717,-0.0500011444091796,-0.1996850742053024,20576.4,Down,None
2024-12-05 15:26:00-05:00,24.95709991455078,24.989999771118164,24.94499969482422,24.96999931335449,6302,-0.0200004577636754,-0.0800338453255666,19138.4,Down,None
2024-12-05 15:27:00-05:00,24.979999542236328,25.016599655151367,24.950000762939453,25.0,5882,0.0300006866455113,0.1201469261934207,10392.0,Down,Rally
2024-12-05 15:28:00-05:00,24.97459983825684,25.020000457763672,24.940000534057617,24.950000762939453,14320,-0.0499992370605468,-0.199996948242187,10317.8,Down,None
2024-12-05 15:29:00-05:00,24.93000030517578,24.989999771118164,24.89999961853028,24.98500061035156,14510,0.0349998474121058,0.1402799452579373,10946.2,Down,Rally
2024-12-05 15:30:00-05:00,25.0,25.13940048217773,25.0,25.11000061035156,7958,0.125,0.5003001678863805,9794.4,Down,Rally
2024-12-05 15:31:00-05:00,25.1299991607666,25.2189998626709,25.1299991607666,25.2189998626709,10561,0.1089992523193394,0.4340870158099585,10646.2,Down,Rally
2024-12-05 15:32:00-05:00,25.209999084472656,25.239999771118164,25.102500915527344,25.13500022888184,45104,-0.0839996337890589,-0.3330807496192411,18490.6,Down,None
2024-12-05 15:33:00-05:00,25.16670036315918,25.190000534057617,25.131999969482425,25.190000534057617,5627,0.0550003051757777,0.2188195928981118,16752.0,Down,Rally
2024-12-05 15:34:00-05:00,25.190000534057617,25.229999542236328,25.100000381469727,25.11000061035156,7959,-0.0799999237060582,-0.3175860341800951,15441.8,Down,None
2024-12-05 15:35:00-05:00,25.13500022888184,25.170000076293945,25.11000061035156,25.13999938964844,5058,0.0299987792968821,0.1194694486965186,14861.8,Down,Rally
2024-12-05 15:36:00-05:00,25.1299991607666,25.15999984741211,25.11000061035156,25.11000061035156,2789,-0.0299987792968821,-0.1193268895194776,13307.4,Down,None
2024-12-05 15:37:00-05:00,25.11000061035156,25.114999771118164,25.049999237060547,25.049999237060547,4417,-0.060001373291012,-0.2389540893371289,5170.0,Down,None
2024-12-05 15:38:00-05:00,25.059999465942383,25.099000930786133,25.02039909362793,25.07999992370605,6435,0.0300006866455042,0.1197632237893264,5331.6,Down,Rally
2024-12-05 15:39:00-05:00,25.11000061035156,25.13999938964844,25.07250022888184,25.09499931335449,3988,0.0149993896484375,0.059806179003452,4537.4,Down,Rally
2024-12-05 15:40:00-05:00,25.09499931335449,25.13999938964844,25.0,25.100000381469727,21770,0.0050010681152379,0.0199285445390495,7879.8,Down,Rally
2024-12-05 15:41:00-05:00,25.13999938964844,25.25,25.13999938964844,25.170499801635746,42414,0.0704994201660191,0.2808741796596292,15804.8,Down,Rally
2024-12-05 15:42:00-05:00,25.170000076293945,25.26000022888184,25.14999961853028,25.25,11022,0.0795001983642542,0.3158467213236982,17125.8,Down,Rally
2024-12-05 15:43:00-05:00,25.239999771118164,25.309999465942383,25.229999542236328,25.309999465942383,17107,0.0599994659423828,0.2376216472965708,19260.2,Up,None
2024-12-05 15:44:00-05:00,25.32999992370605,25.420000076293945,25.290000915527344,25.393299102783203,35030,0.0832996368408203,0.3291174974259014,25468.6,Up,None
2024-12-05 15:45:00-05:00,25.3799991607666,25.3799991607666,25.202999114990234,25.277999877929688,10725,-0.1152992248535156,-0.454053742236582,23259.6,Up,Pullback
2024-12-05 15:46:00-05:00,25.229999542236328,25.290000915527344,25.21999931335449,25.26000022888184,6019,-0.017999649047848,-0.0712067771768798,15980.6,Up,Pullback
2024-12-05 15:47:00-05:00,25.28949928283692,25.299999237060547,25.270000457763672,25.270000457763672,4484,0.0100002288818323,0.0395891876136866,14673.0,Up,None
2024-12-05 15:48:00-05:00,25.31999969482422,25.39999961853028,25.31999969482422,25.39999961853028,3681,0.1299991607666051,0.5144406743636143,11987.8,Up,None
2024-12-05 15:49:00-05:00,25.350000381469727,25.350000381469727,25.270000457763672,25.270000457763672,5685,-0.1299991607666051,-0.5118077272401433,6118.8,Up,Pullback
2024-12-05 15:50:00-05:00,25.32990074157715,25.3754997253418,25.28499984741211,25.350000381469727,5163,0.0799999237060546,0.3165806183492714,5006.4,Up,None
2024-12-05 15:51:00-05:00,25.36669921875,25.36669921875,25.290000915527344,25.290000915527344,2872,-0.0599994659423828,-0.2366842802347335,4377.0,Up,Pullback
2024-12-05 15:52:00-05:00,25.31430053710937,25.31430053710937,25.25,25.280000686645508,7085,-0.0100002288818359,-0.0395422242776444,4897.2,Up,Pullback
2024-12-05 15:53:00-05:00,25.25,25.270000457763672,25.229999542236328,25.25,9041,-0.0300006866455078,-0.1186735990136078,5969.2,Up,Pullback
2024-12-05 15:54:00-05:00,25.229999542236328,25.229999542236328,25.190000534057617,25.200000762939453,6278,-0.0499992370605468,-0.1980167804378041,6087.8,Up,Pullback
2024-12-05 15:55:00-05:00,25.229999542236328,25.26000022888184,25.209999084472656,25.26000022888184,6319,0.0599994659423863,0.2380931116106266,6319.0,Up,None
2024-12-05 15:56:00-05:00,25.280000686645508,25.280000686645508,25.209999084472656,25.26700019836425,8515,0.0069999694824147,0.0277116762430251,7447.6,Up,None
2024-12-05 15:57:00-05:00,25.25,25.34000015258789,25.25,25.34000015258789,15705,0.0729999542236363,0.2889142108304598,9171.6,Up,None
2024-12-05 15:58:00-05:00,25.31010055541992,25.450000762939453,25.309999465942383,25.449499130249023,11864,0.1094989776611328,0.4321190884047698,9736.2,Up,None
2024-12-05 15:59:00-05:00,25.440000534057617,25.459999084472656,25.3799991607666,25.420000076293945,14035,-0.0294990539550781,-0.1159121199364454,11287.6,Up,Pullback
